headword,pos,zh,level_tags,concreteness
a,det,一（不定冠詞）,"{KET,STARTERS,MOVERS,FLYERS}",1
an,det,一（用於母音開頭的字前）,"{KET,STARTERS,MOVERS,FLYERS}",1
a few,det,一些、幾個,"{KET,FLYERS}",1
able,adj,能夠的,{KET},1
about,adv,大約、關於,"{KET,STARTERS,MOVERS,FLYERS}",1
above,adv,在……上方,"{KET,MOVERS,FLYERS}",2
accident,n,意外、事故,{KET},3
accommodation,n,住宿,{KET},3
across,adv,橫越、在……對面,{KET},2
act,v,表演、演出,"{KET,FLYERS}",2
action,adj,動作的（如動作片）,{KET},2
activity,n,活動,{KET},2
actor,n,演員,"{KET,FLYERS}",4
actually,adv,其實、實際上,"{KET,FLYERS}",1
ad,n,廣告,{KET},3
add,v,加、增加,"{KET,STARTERS,MOVERS,FLYERS}",2
address,n,地址,"{KET,MOVERS,FLYERS}",3
adult,n,成年人,{KET},4
advanced,adj,進階的,{KET},1
adventure,n,冒險,"{KET,FLYERS}",2
advert,n,廣告,{KET},3
advertisement,n,廣告,{KET},3
advice,n,建議、忠告,{KET},1
aeroplane,n,飛機,{KET},5
afraid,adj,害怕的,"{KET,MOVERS,FLYERS}",1
after,adv,在……之後,"{KET,MOVERS,FLYERS}",1
afternoon,n,下午,"{KET,STARTERS,MOVERS,FLYERS}",2
afterwards,adv,之後、後來,{KET},1
again,adv,再一次,"{KET,STARTERS,MOVERS,FLYERS}",1
against,prep,對抗、與……比賽,{KET},1
age,n,年齡,"{KET,MOVERS,FLYERS}",2
aged,adj,年齡為……的,{KET},1
ago,adv,以前,"{KET,FLYERS}",1
agree,v,同意,"{KET,FLYERS}",1
air,n,空氣；搭飛機,"{KET,FLYERS}",2
airport,n,機場,{KET},5
alarm clock,n,鬧鐘,{KET},5
album,n,專輯、相簿,{KET},4
all,adv,全部的、所有的,"{KET,MOVERS,FLYERS}",1
all kinds of,det,各種各樣的,{KET},1
allow,v,允許,{KET},1
all right,adj,好的、沒問題,"{KET,MOVERS,FLYERS}",1
alright,adj,好的、沒問題,{KET},1
all sorts of,det,各式各樣的,{KET},1
all the time,det,一直、總是,{KET},1
almost,adv,幾乎,{KET},1
alone,adj,獨自的,"{KET,FLYERS}",2
along,prep,沿著,"{KET,MOVERS,FLYERS}",2
already,adv,已經,"{KET,FLYERS}",1
also,adv,也,"{KET,FLYERS}",1
always,adv,總是,"{KET,MOVERS,FLYERS}",1
a.m.,adv,上午,{KET},2
amazed,adj,感到驚訝的,{KET},1
amazing,adj,令人驚奇的,"{KET,FLYERS}",1
ambulance,n,救護車,"{KET,FLYERS}",5
among,prep,在……之中,{KET},1
and,conj,和、而且,"{KET,STARTERS,MOVERS,FLYERS}",1
angry,adj,生氣的,"{KET,STARTERS,MOVERS,FLYERS}",2
animal,n,動物,"{KET,STARTERS,MOVERS,FLYERS}",5
another,det,另一個,"{KET,MOVERS,FLYERS}",1
answer,n,答案,{KET},2
any,det,任何的,"{KET,MOVERS,FLYERS}",1
anybody,pron,任何人,{KET},1
anymore,adv,不再,{KET},1
anyone,pron,任何人,"{KET,FLYERS}",1
anything,pron,任何事物,"{KET,FLYERS}",1
anyway,adv,無論如何,{KET},1
anywhere,adv,任何地方,"{KET,FLYERS}",1
apartment,n,公寓,"{KET,STARTERS,MOVERS,FLYERS}",5
apartment building,n,公寓大樓,{KET},5
app,n,應用程式,{KET},3
apple,n,蘋果,"{KET,STARTERS,MOVERS,FLYERS}",5
appointment,n,預約、約診,{KET},2
April,n,四月,{KET},2
area,n,地區、區域,{KET},2
arm,n,手臂,"{KET,STARTERS,MOVERS,FLYERS}",5
armchair,n,扶手椅,"{KET,STARTERS,MOVERS,FLYERS}",5
around,adv,到處；在……周圍,"{KET,MOVERS,FLYERS}",2
arrive,v,抵達,"{KET,FLYERS}",2
art,n,藝術、美術,"{KET,FLYERS}",2
article,n,文章,{KET},3
artist,n,藝術家,"{KET,FLYERS}",4
as,conj,如同、當作,"{KET,FLYERS}",1
ask,v,問、要求,"{KET,STARTERS,MOVERS,FLYERS}",2
assistant,n,助理、店員,{KET},4
as well,adv,也,{KET},1
at,prep,在（時間、地點）,"{KET,MOVERS,FLYERS}",1
at all,prep,完全（用於否定句）,{KET},1
attractive,adj,好看的、吸引人的,{KET},2
August,n,八月,{KET},2
aunt,n,阿姨、姑姑,{KET},4
autumn,n,秋天,{KET},3
available,adj,可取得的、有空的,{KET},1
away,adv,離開；相距,{KET},1
awesome,adj,很棒的,{KET},1
awful,adj,糟糕的、很差的,{KET},1
baby,n,嬰兒,"{KET,STARTERS,MOVERS,FLYERS}",5
back,n,背部,"{KET,MOVERS,FLYERS}",4
backpack,n,背包,"{KET,FLYERS}",5
bad,adj,不好的、壞的,"{KET,MOVERS,FLYERS}",1
badly,adv,差勁地、嚴重地,"{KET,MOVERS,FLYERS}",1
badminton,n,羽毛球,"{KET,STARTERS,MOVERS,FLYERS}",4
bag,n,袋子、包包,"{KET,STARTERS,MOVERS,FLYERS}",5
bake,v,烘烤,{KET},3
ball,n,球,"{KET,STARTERS,MOVERS,FLYERS}",5
balloon,n,氣球,"{KET,STARTERS,MOVERS,FLYERS}",5
banana,n,香蕉,"{KET,STARTERS,MOVERS,FLYERS}",5
band,n,樂團,"{KET,MOVERS,FLYERS}",4
bank,n,銀行,"{KET,FLYERS}",5
barbecue,n,烤肉,{KET},3
barbeque,n,烤肉,{KET},3
baseball,n,棒球,"{KET,STARTERS,MOVERS,FLYERS}",4
basketball,n,籃球,"{KET,STARTERS,MOVERS,FLYERS}",4
bat,n,球棒,"{KET,STARTERS,MOVERS,FLYERS}",5
bath,n,泡澡；浴缸,"{KET,STARTERS,MOVERS,FLYERS}",4
bathing suit,n,泳衣,{KET},5
bathroom,n,浴室,"{KET,STARTERS,MOVERS,FLYERS}",5
bathtub,n,浴缸,{KET},5
battery,n,電池,{KET},5
be,v,是（動詞 be）,"{KET,STARTERS,MOVERS,FLYERS}",1
beach,n,海灘,"{KET,STARTERS,MOVERS,FLYERS}",5
bean,n,豆子,"{KET,STARTERS,MOVERS,FLYERS}",5
bear,n,熊,"{KET,STARTERS,MOVERS,FLYERS}",5
beard,n,鬍子,"{KET,MOVERS,FLYERS}",5
beautiful,adj,美麗的,"{KET,STARTERS,MOVERS,FLYERS}",2
because,conj,因為,"{KET,MOVERS,FLYERS}",1
because of,prep,因為、由於,{KET},1
become,v,變成、成為,{KET},1
bed,n,床,"{KET,STARTERS,MOVERS,FLYERS}",5
bedroom,n,臥室,"{KET,STARTERS,MOVERS,FLYERS}",5
bee,n,蜜蜂,"{KET,STARTERS,MOVERS,FLYERS}",5
beetle,n,甲蟲,"{KET,FLYERS}",5
before,adv,以前、之前,"{KET,MOVERS,FLYERS}",1
begin,v,開始,"{KET,FLYERS}",1
beginner,n,初學者,{KET},4
beginning,n,開始、開端,{KET},2
behind,adv,在……後面,"{KET,STARTERS,MOVERS,FLYERS}",2
believe,v,相信,"{KET,FLYERS}",1
belong,v,屬於,{KET},1
below,adv,在……下方,"{KET,MOVERS,FLYERS}",2
belt,n,皮帶,"{KET,FLYERS}",5
beside,prep,在……旁邊,{KET},2
best,adj,最好的,"{KET,MOVERS,FLYERS}",1
better,adj,更好的,"{KET,MOVERS,FLYERS}",1
between,prep,在……之間,"{KET,STARTERS,MOVERS,FLYERS}",1
bicycle,n,腳踏車,"{KET,FLYERS}",5
big,adj,大的,"{KET,STARTERS,MOVERS,FLYERS}",2
bike,n,腳踏車,"{KET,STARTERS,MOVERS,FLYERS}",5
bill,n,帳單,{KET},3
bin,n,垃圾桶,"{KET,FLYERS}",5
biology,n,生物學,{KET},2
bird,n,鳥,"{KET,STARTERS,MOVERS,FLYERS}",5
birth,n,出生,{KET},2
birthday,n,生日,"{KET,STARTERS,MOVERS,FLYERS}",3
biscuit,n,餅乾（英式）,"{KET,FLYERS}",5
bit,n,一點點,"{KET,FLYERS}",1
black,n,黑色,"{KET,STARTERS,MOVERS,FLYERS}",3
blackboard,n,黑板,{KET},5
blanket,n,毯子,"{KET,MOVERS,FLYERS}",5
block,n,街區,{KET},3
blog,n,部落格,{KET},3
blonde,adj,金髮的,{KET},2
blood,n,血液,{KET},4
blouse,n,女用襯衫,{KET},5
blue,n,藍色,"{KET,STARTERS,MOVERS,FLYERS}",3
board,n,板子（黑板／白板）,"{KET,STARTERS,MOVERS,FLYERS}",4
board game,n,桌遊,"{KET,STARTERS,MOVERS,FLYERS}",5
boat,n,船,"{KET,STARTERS,MOVERS,FLYERS}",5
body,n,身體,"{KET,STARTERS,MOVERS,FLYERS}",5
boil,v,煮沸,{KET},2
boiled,adj,水煮的,{KET},2
book,n,書,"{KET,STARTERS,MOVERS,FLYERS}",5
bookcase,n,書櫃,"{KET,STARTERS,MOVERS,FLYERS}",5
bookshelf,n,書架,{KET},5
bookshop,n,書店（英式）,"{KET,STARTERS,MOVERS,FLYERS}",5
bookstore,n,書店（美式）,{KET},5
boot,n,靴子,{KET},5
bored,adj,感到無聊的,"{KET,FLYERS}",1
boring,adj,無聊的,"{KET,MOVERS,FLYERS}",1
born,v,出生,{KET},1
borrow,v,借（入）,{KET},1
boss,n,老闆,{KET},4
both,pron,兩者都,"{KET,MOVERS,FLYERS}",1
bother,v,打擾,{KET},1
bottle,n,瓶子,"{KET,MOVERS,FLYERS}",5
bottom,n,底部,"{KET,MOVERS,FLYERS}",3
bowl,n,碗,"{KET,MOVERS,FLYERS}",5
box,n,箱子、盒子,"{KET,STARTERS,MOVERS,FLYERS}",5
boy,n,男孩,"{KET,STARTERS,MOVERS,FLYERS}",5
boyfriend,n,男朋友,{KET},4
bracelet,n,手鍊,"{KET,FLYERS}",5
brain,n,腦、大腦,{KET},4
brave,adj,勇敢的,"{KET,MOVERS,FLYERS}",1
bread,n,麵包,"{KET,STARTERS,MOVERS,FLYERS}",5
break,n,休息時間,"{KET,MOVERS,FLYERS}",2
break down,phr v,（車子）拋錨、故障,{KET},1
breakfast,n,早餐,"{KET,STARTERS,MOVERS,FLYERS}",5
bridge,n,橋,"{KET,FLYERS}",5
bright,adj,明亮的、鮮豔的,{KET},2
brilliant,adj,很棒的、傑出的,"{KET,MOVERS,FLYERS}",1
bring,v,帶來,{KET},1
bring back,v,帶回來、歸還,{KET},1
broken,adj,壞掉的,"{KET,FLYERS}",2
brother,n,兄弟,"{KET,STARTERS,MOVERS,FLYERS}",5
brown,n,棕色、咖啡色,"{KET,STARTERS,MOVERS,FLYERS}",3
brush,n,刷子,"{KET,FLYERS}",5
build,v,建造,"{KET,MOVERS,FLYERS}",2
building,n,建築物,"{KET,MOVERS,FLYERS}",5
burger,n,漢堡,"{KET,STARTERS,MOVERS,FLYERS}",5
bus,n,公車,"{KET,STARTERS,MOVERS,FLYERS}",5
business,n,生意、事業,"{KET,FLYERS}",2
businessman,n,商人（男）,{KET},4
businesswoman,n,商人（女）,{KET},4
business person,n,商人,{KET},4
bus station,n,公車總站,"{KET,MOVERS,FLYERS}",5
bus stop,n,公車站,"{KET,MOVERS,FLYERS}",5
busy,adj,忙碌的,"{KET,MOVERS,FLYERS}",1
but,conj,但是,"{KET,STARTERS,MOVERS,FLYERS}",1
butter,n,奶油,"{KET,FLYERS}",5
butterfly,n,蝴蝶,"{KET,FLYERS}",5
buy,v,買,"{KET,MOVERS,FLYERS}",2
by,prep,被；藉由,"{KET,MOVERS,FLYERS}",1
by accident,prep,意外地、不小心,{KET},1
by the way,prep,順帶一提,{KET},1
by post,prep,用郵寄的方式,{KET},1
bye,exclam,再見,"{KET,STARTERS,MOVERS,FLYERS}",1
cabinet,n,櫥櫃,{KET},5
cafe,n,咖啡店,{KET},5
café,n,咖啡店,"{KET,MOVERS,FLYERS}",5
cafeteria,n,自助餐廳,{KET},5
cake,n,蛋糕,"{KET,STARTERS,MOVERS,FLYERS}",5
calendar,n,月曆、日曆,"{KET,FLYERS}",5
call,n,電話；打電話,"{KET,MOVERS,FLYERS}",3
camel,n,駱駝,"{KET,FLYERS}",5
camera,n,相機,"{KET,STARTERS,MOVERS,FLYERS}",5
camp,v,露營,"{KET,FLYERS}",2
camping,n,露營,{KET},2
campsite,n,露營地,{KET},5
cap,n,帽子（鴨舌帽）,{KET},5
capital,n,首都,{KET},3
can,n,能夠、可以,"{KET,STARTERS,MOVERS,FLYERS}",1
candy,n,糖果,{KET},5
cannot,mv,不能、不可以,{KET},1
car,n,汽車,"{KET,STARTERS,MOVERS,FLYERS}",5
card,n,卡片,"{KET,FLYERS}",4
career,n,職涯、生涯,{KET},2
careful,adj,小心的,"{KET,MOVERS,FLYERS}",1
carefully,adv,小心地,"{KET,MOVERS,FLYERS}",1
car park,n,停車場（英式）,"{KET,MOVERS,FLYERS}",5
carpet,n,地毯,{KET},5
carrot,n,紅蘿蔔,"{KET,STARTERS,MOVERS,FLYERS}",5
carry,v,攜帶、搬運,"{KET,MOVERS,FLYERS}",2
cartoon,n,卡通,"{KET,FLYERS}",3
case,n,情況；箱子,{KET},2
cash,n,現金,{KET},4
castle,n,城堡,"{KET,FLYERS}",5
cat,n,貓,"{KET,STARTERS,MOVERS,FLYERS}",5
catch,v,抓住、接住,"{KET,MOVERS,FLYERS}",2
CD,n,光碟,"{KET,MOVERS,FLYERS}",5
CD player,n,CD 播放器,{KET},5
ceiling,n,天花板,{KET},5
cell phone,n,手機,{KET},5
celebrate,v,慶祝,{KET},1
celebrity,n,名人,{KET},4
cent,n,分（貨幣單位）,{KET},3
centre,n,中心（英式）,"{KET,MOVERS,FLYERS}",3
center,n,中心（美式）,{KET},3
centimetre,n,公分,{KET},3
centimeter,n,公分,{KET},3
century,n,世紀,"{KET,FLYERS}",2
cereal,n,穀片,"{KET,FLYERS}",5
certainly,adv,當然、一定,{KET},1
chain,n,鏈子,{KET},4
chair,n,椅子,"{KET,STARTERS,MOVERS,FLYERS}",5
change,v,改變、更換,"{KET,MOVERS,FLYERS}",1
channel,n,頻道,"{KET,FLYERS}",3
character,n,角色,{KET},3
chat,n,聊天,"{KET,FLYERS}",1
chatroom,n,聊天室,{KET},3
cheap,adj,便宜的,"{KET,FLYERS}",1
check,v,檢查,{KET},1
cheese,n,起司,"{KET,MOVERS,FLYERS}",5
chef,n,主廚,{KET},4
chemist,n,藥局（英式）,"{KET,FLYERS}",5
chemistry,n,化學,{KET},2
cheque,n,支票,{KET},4
chess,n,西洋棋,"{KET,FLYERS}",4
chicken,n,雞、雞肉,"{KET,STARTERS,MOVERS,FLYERS}",5
child,n,小孩,{KET},5
chilli,n,辣椒,{KET},5
chips,n,薯條（英式）,"{KET,STARTERS,MOVERS,FLYERS}",5
chocolate,n,巧克力,"{KET,STARTERS,MOVERS,FLYERS}",5
choose,v,選擇,"{KET,STARTERS,MOVERS,FLYERS}",1
cinema,n,電影院,"{KET,MOVERS,FLYERS}",5
circle,n,圓圈,"{KET,MOVERS,FLYERS}",3
circus,n,馬戲團,"{KET,MOVERS,FLYERS}",4
city,n,城市,"{KET,MOVERS,FLYERS}",4
city centre,n,市中心,{KET},3
class,n,班級、課,"{KET,STARTERS,MOVERS,FLYERS}",3
classical,adj,古典的,{KET},1
classmate,n,同班同學,"{KET,STARTERS,MOVERS,FLYERS}",4
classroom,n,教室,"{KET,STARTERS,MOVERS,FLYERS}",5
clean,adj,乾淨的,"{KET,STARTERS,MOVERS,FLYERS}",1
cleaner,n,清潔工,{KET},4
clear,adj,清楚的,{KET},1
clearly,adv,清楚地,{KET},1
clever,adj,聰明的,"{KET,MOVERS,FLYERS}",1
click,n,點擊,{KET},1
climb,v,攀爬,"{KET,MOVERS,FLYERS}",2
climbing,n,攀岩、攀爬,{KET},2
clock,n,時鐘,"{KET,STARTERS,MOVERS,FLYERS}",5
close,adj,靠近的,"{KET,STARTERS,MOVERS,FLYERS}",1
close to,prep,靠近,{KET},1
closed,adj,關閉的,"{KET,STARTERS,MOVERS,FLYERS}",1
closet,n,衣櫥,{KET},5
clothes,n,衣服,"{KET,STARTERS,MOVERS,FLYERS}",5
cloud,n,雲,"{KET,MOVERS,FLYERS}",3
cloudy,adj,多雲的,"{KET,MOVERS,FLYERS}",2
clown,n,小丑,"{KET,MOVERS,FLYERS}",5
club,n,社團、俱樂部,"{KET,FLYERS}",3
coach,n,教練；長途巴士,{KET},3
coat,n,外套,"{KET,MOVERS,FLYERS}",5
coast,n,海岸,{KET},3
coffee,n,咖啡,"{KET,MOVERS,FLYERS}",5
cola,n,可樂,{KET},5
cold,n,感冒,"{KET,MOVERS,FLYERS}",2
colleague,n,同事,{KET},4
collect,v,收集,"{KET,FLYERS}",2
college,n,學院、大學,"{KET,FLYERS}",4
colour,n,顏色,"{KET,STARTERS,MOVERS,FLYERS}",3
comb,n,梳子,"{KET,FLYERS}",5
come,v,來,"{KET,STARTERS,MOVERS,FLYERS}",1
come back,v,回來,{KET},1
comedy,n,喜劇,{KET},3
comfortable,adj,舒服的,{KET},1
comic,n,漫畫,"{KET,MOVERS,FLYERS}",4
company,n,公司,{KET},4
competition,n,比賽,"{KET,FLYERS}",2
complete,v,完成,"{KET,STARTERS,MOVERS,FLYERS}",1
computer,n,電腦,"{KET,STARTERS,MOVERS,FLYERS}",5
concert,n,演唱會,"{KET,FLYERS}",4
congratulations,exclam,恭喜,{KET},1
contact,n,聯絡,{KET},1
continue,v,繼續,{KET},1
conversation,n,對話,"{KET,FLYERS}",2
cook,n,廚師,"{KET,MOVERS,FLYERS}",4
cooker,n,爐子,"{KET,FLYERS}",5
cookie,n,餅乾（美式）,"{KET,FLYERS}",5
cooking,n,烹飪,{KET},2
cool,adj,酷的、涼爽的,"{KET,STARTERS,MOVERS,FLYERS}",1
copy,v,複製、抄寫,{KET},1
corner,n,轉角、角落,"{KET,FLYERS}",3
correct,adj,正確的,"{KET,STARTERS,MOVERS,FLYERS}",1
cost,n,費用、成本,{KET},2
costume,n,服裝、泳裝,"{KET,FLYERS}",5
could,mv,能夠（過去式）；可以,"{KET,FLYERS}",1
country,n,國家,{KET},3
countryside,n,鄉村,"{KET,MOVERS,FLYERS}",3
course,n,課程、主菜,{KET},2
court,n,球場,{KET},5
cousin,n,表（堂）兄弟姊妹,"{KET,STARTERS,MOVERS,FLYERS}",4
cover,v,遮蓋、覆蓋,{KET},1
cow,n,牛、母牛,"{KET,STARTERS,MOVERS,FLYERS}",5
cream,n,奶油；乳白色,{KET},4
creature,n,生物,"{KET,FLYERS}",3
credit card,n,信用卡,{KET},5
cricket,n,板球,{KET},4
crocodile,n,鱷魚,"{KET,STARTERS,MOVERS,FLYERS}",5
cross,n,穿越,"{KET,STARTERS,MOVERS,FLYERS}",1
crossing,n,行人穿越道,{KET},4
crowd,n,人群,{KET},4
crowded,adj,擁擠的,{KET},2
cry,v,哭,"{KET,MOVERS,FLYERS}",1
cup,n,杯子,"{KET,MOVERS,FLYERS}",5
cupboard,n,櫥櫃,"{KET,STARTERS,MOVERS,FLYERS}",5
curry,n,咖哩,{KET},5
curtain,n,窗簾,{KET},5
customer,n,顧客,{KET},4
cut,v,切、剪,"{KET,FLYERS}",2
cycle,v,騎腳踏車,"{KET,FLYERS}",2
cycling,n,騎腳踏車（運動）,{KET},2
dad,n,爸爸,"{KET,STARTERS,MOVERS,FLYERS}",5
daily,adj,每日的,{KET},1
dance,n,跳舞,"{KET,MOVERS,FLYERS}",1
dancer,n,舞者,{KET},4
dancing,n,跳舞,{KET},1
danger,n,危險,{KET},1
dangerous,adj,危險的,"{KET,MOVERS,FLYERS}",1
dark,adj,黑暗的,"{KET,FLYERS}",1
date,n,日期,"{KET,FLYERS}",2
daughter,n,女兒,"{KET,MOVERS,FLYERS}",4
day,n,天、日子,"{KET,STARTERS,MOVERS,FLYERS}",2
dead,adj,死的,{KET},1
dear,adj,親愛的,"{KET,FLYERS}",1
December,n,十二月,"{KET,FLYERS}",2
decide,v,決定,"{KET,FLYERS}",1
deep,adj,深的,"{KET,FLYERS}",2
degree,n,度（溫度單位）,{KET},2
delay,n,延誤,{KET},1
delayed,adj,延誤的,{KET},1
delicious,adj,美味的,"{KET,FLYERS}",1
deliver,v,遞送,{KET},1
dentist,n,牙醫,"{KET,MOVERS,FLYERS}",4
department,n,部門,{KET},2
department store,n,百貨公司,{KET},5
describe,v,描述,{KET},1
desert,n,沙漠,"{KET,FLYERS}",5
design,v,設計,"{KET,FLYERS}",1
desk,n,書桌,"{KET,STARTERS,MOVERS,FLYERS}",5
dessert,n,甜點,{KET},5
details,n,詳細資料,{KET},2
diary,n,日記,"{KET,FLYERS}",3
dictionary,n,字典,"{KET,FLYERS}",5
die,v,死亡,{KET},1
difference,n,差異,"{KET,MOVERS,FLYERS}",1
different,adj,不同的,"{KET,MOVERS,FLYERS}",1
difficult,adj,困難的,"{KET,MOVERS,FLYERS}",1
digital,adj,數位的,{KET},1
digital camera,n,數位相機,{KET},5
dining room,n,餐廳（家中）,"{KET,STARTERS,MOVERS,FLYERS}",5
dinner,n,晚餐,"{KET,STARTERS,MOVERS,FLYERS}",5
dinosaur,n,恐龍,"{KET,FLYERS}",5
diploma,n,文憑、畢業證書,{KET},3
directions,n,方向、路線指示,{KET},2
dirty,adj,髒的,"{KET,STARTERS,MOVERS,FLYERS}",1
disco,n,迪斯可、舞會,{KET},3
discount,n,折扣,{KET},2
discover,v,發現,{KET},1
discuss,v,討論,{KET},1
dish,n,菜餚；盤子,{KET},4
dive,v,潛水,{KET},2
diving,adj,潛水的,{KET},2
do,v,做,"{KET,STARTERS,MOVERS,FLYERS}",1
doctor,n,醫生,"{KET,MOVERS,FLYERS}",4
document,n,文件,{KET},3
dog,n,狗,"{KET,STARTERS,MOVERS,FLYERS}",5
doll,n,娃娃,"{KET,STARTERS,MOVERS,FLYERS}",5
dollar,n,元（貨幣單位）,{KET},3
dolphin,n,海豚,"{KET,MOVERS,FLYERS}",5
donkey,n,驢子,"{KET,STARTERS,MOVERS,FLYERS}",5
door,n,門,{KET},5
dot,n,點,{KET},1
double,adj,雙人的、兩倍的,"{KET,STARTERS,MOVERS,FLYERS}",1
down,adv,向下,"{KET,MOVERS,FLYERS}",1
download,n,下載,{KET},1
downstairs,adv,樓下,"{KET,MOVERS,FLYERS}",2
Dr,n,……醫生／博士（頭銜）,{KET},1
draw,v,畫畫,"{KET,STARTERS,MOVERS,FLYERS}",2
drawer,n,抽屜,{KET},5
drawing,n,畫、繪畫,"{KET,STARTERS,MOVERS,FLYERS}",3
dream,n,夢、夢想,{KET},1
dress,n,洋裝,"{KET,STARTERS,MOVERS,FLYERS}",5
dressed,adj,穿好衣服的,{KET},1
drink,n,飲料,"{KET,STARTERS,MOVERS,FLYERS}",5
drive,v,開車,"{KET,STARTERS,MOVERS,FLYERS}",2
driver,n,駕駛、司機,"{KET,MOVERS,FLYERS}",4
driving,n,開車、駕駛,{KET},1
driver’s licence,n,駕照,{KET},5
drop,v,掉落、使掉落,"{KET,MOVERS,FLYERS}",1
drugstore,n,藥局（美式）,{KET},5
drum,n,鼓,"{KET,FLYERS}",5
dry,adj,乾的,"{KET,MOVERS,FLYERS}",2
duck,n,鴨子,"{KET,STARTERS,MOVERS,FLYERS}",5
during,prep,在……期間,"{KET,FLYERS}",1
DVD,n,DVD 光碟,"{KET,MOVERS,FLYERS}",5
DVD player,n,DVD 播放器,{KET},5
each,det,每個,"{KET,FLYERS}",1
each other,pron,彼此,{KET},1
eagle,n,老鷹,"{KET,FLYERS}",5
ear,n,耳朵,"{KET,STARTERS,MOVERS,FLYERS}",5
early,adj,早的,"{KET,FLYERS}",1
earn,v,賺（錢）,{KET},1
earring,n,耳環,{KET},5
easily,adv,輕易地,{KET},1
east,n,東方,"{KET,FLYERS}",2
easy,adj,簡單的、容易的,"{KET,MOVERS,FLYERS}",1
eat,v,吃,"{KET,STARTERS,MOVERS,FLYERS}",2
egg,n,蛋,"{KET,STARTERS,MOVERS,FLYERS}",5
electric,adj,電動的、用電的,{KET},2
electricity,n,電力,{KET},2
elephant,n,大象,"{KET,STARTERS,MOVERS,FLYERS}",5
elevator,n,電梯（美式）,"{KET,MOVERS,FLYERS}",5
else,adv,其他的,"{KET,FLYERS}",1
email,n,電子郵件,"{KET,MOVERS,FLYERS}",3
empty,adj,空的,"{KET,FLYERS}",1
end,v,結束,"{KET,STARTERS,MOVERS,FLYERS}",1
engine,n,引擎,"{KET,FLYERS}",5
engineer,n,工程師,"{KET,FLYERS}",4
enjoy,v,享受、喜歡,"{KET,STARTERS,MOVERS,FLYERS}",1
enough,adv,足夠,"{KET,FLYERS}",1
enter,v,參加；進入,"{KET,FLYERS}",1
entrance,n,入口,"{KET,FLYERS}",4
envelope,n,信封,"{KET,FLYERS}",5
environment,n,環境,"{KET,FLYERS}",2
equipment,n,設備、裝備,{KET},3
eraser,n,橡皮擦（美式）,"{KET,STARTERS,MOVERS,FLYERS}",5
especially,adv,特別是,{KET},1
euro,n,歐元,{KET},3
even,adv,甚至,{KET},1
evening,n,晚上,"{KET,STARTERS,MOVERS,FLYERS}",2
event,n,活動、事件,{KET},2
ever,adv,曾經,"{KET,FLYERS}",1
every,det,每一個,"{KET,MOVERS,FLYERS}",1
everybody,pron,每個人,{KET},1
everyone,pron,每個人,"{KET,MOVERS,FLYERS}",1
everything,pron,每件事,"{KET,MOVERS,FLYERS}",1
everywhere,adv,到處,"{KET,FLYERS}",1
exactly,adv,確切地、正是,{KET},1
examination,n,考試,{KET},2
exam,n,考試,{KET},2
example,n,例子、範例,"{KET,STARTERS,MOVERS,FLYERS}",2
excellent,adj,優秀的、極好的,"{KET,FLYERS}",1
except,conj,除了,{KET},1
excited,adj,興奮的,"{KET,FLYERS}",1
exciting,adj,令人興奮的,"{KET,MOVERS,FLYERS}",1
excuse,v,原諒（用於引起注意）,{KET},1
exercise,n,運動；練習,{KET},2
exhibition,n,展覽,{KET},3
exit,n,出口,"{KET,FLYERS}",4
expensive,adj,昂貴的,"{KET,FLYERS}",1
experience,n,經驗,{KET},2
experiment,n,實驗,{KET},3
explain,v,解釋,"{KET,FLYERS}",1
explore,v,探索,"{KET,FLYERS}",1
explorer,n,探險家,{KET},4
extinct,adj,絕種的,"{KET,FLYERS}",1
extra,adj,額外的,{KET},1
eye,n,眼睛,"{KET,STARTERS,MOVERS,FLYERS}",5
face,n,臉,"{KET,STARTERS,MOVERS,FLYERS}",5
fact,n,事實,{KET},1
factory,n,工廠,"{KET,FLYERS}",5
fail,v,失敗、不及格,{KET},1
fair,adj,淺色的（頭髮）,"{KET,MOVERS,FLYERS}",2
fall,n,秋天（美式）,"{KET,MOVERS,FLYERS}",3
fall over,phr v,跌倒,"{KET,FLYERS}",1
family,n,家庭,"{KET,STARTERS,MOVERS,FLYERS}",4
famous,adj,有名的,"{KET,MOVERS,FLYERS}",1
fan,n,粉絲、迷,{KET},3
fantastic,adj,很棒的,"{KET,STARTERS,MOVERS,FLYERS}",1
far,adv,遠,"{KET,FLYERS}",1
farm,n,農場,"{KET,MOVERS,FLYERS}",5
farmer,n,農夫,"{KET,MOVERS,FLYERS}",4
fashion,n,流行、時尚,{KET},2
fast,adj,快的,"{KET,FLYERS}",1
fast food,n,速食,{KET},4
fat,adj,胖的,"{KET,MOVERS,FLYERS}",2
father,n,父親,"{KET,STARTERS,MOVERS,FLYERS}",5
favourite,adj,最喜歡的,"{KET,STARTERS,MOVERS,FLYERS}",1
February,n,二月,"{KET,FLYERS}",2
feel,v,感覺,"{KET,FLYERS}",1
feelings,n,感受、情感,{KET},1
festival,n,節慶,"{KET,FLYERS}",3
few,det,很少的,{KET},1
field,n,田野、場地,"{KET,MOVERS,FLYERS}",4
file,n,檔案,"{KET,FLYERS}",3
fill,v,填滿,{KET},1
fill in,phr v,填寫,{KET},1
film,n,電影,"{KET,MOVERS,FLYERS}",4
final,adj,最後的,{KET},1
finally,adv,最後、終於,{KET},1
find,v,找到,"{KET,STARTERS,MOVERS,FLYERS}",1
find out,phr v,發現、查明,"{KET,FLYERS}",1
fine,adj,好的、良好的,"{KET,MOVERS,FLYERS}",1
finger,n,手指,"{KET,FLYERS}",5
finish,v,完成、結束,"{KET,FLYERS}",1
fire,n,火,"{KET,FLYERS}",4
first,adv,第一（的）；首先,"{KET,MOVERS,FLYERS}",1
first name,n,名字（名，非姓氏）,{KET},2
first of all,adv,首先,{KET},1
fish,n,魚,"{KET,STARTERS,MOVERS,FLYERS}",5
fishing,n,釣魚,"{KET,STARTERS,MOVERS,FLYERS}",3
fit,adj,健康的、體態好的,{KET},1
fix,v,修理,"{KET,MOVERS,FLYERS}",1
flat,n,公寓,"{KET,STARTERS,MOVERS,FLYERS}",5
flight,n,班機、航班,{KET},4
floor,n,樓層；地板,"{KET,STARTERS,MOVERS,FLYERS}",4
flower,n,花,"{KET,STARTERS,MOVERS,FLYERS}",5
fly,v,飛,"{KET,STARTERS,MOVERS,FLYERS}",2
fog,n,霧,"{KET,FLYERS}",3
foggy,adj,有霧的,"{KET,FLYERS}",2
folder,n,資料夾,{KET},4
follow,v,跟隨,"{KET,FLYERS}",2
food,n,食物,"{KET,STARTERS,MOVERS,FLYERS}",5
foot,n,腳,{KET},5
football,n,足球,"{KET,STARTERS,MOVERS,FLYERS}",5
football player,n,足球員,{KET},5
footballer,n,足球員,{KET},5
for,prep,為了、給,"{KET,STARTERS,MOVERS,FLYERS}",1
for sale,n,出售中,{KET},1
foreign,adj,外國的,{KET},2
forest,n,森林,"{KET,MOVERS,FLYERS}",5
forget,v,忘記,{KET},1
fork,n,叉子,"{KET,FLYERS}",5
form,n,表格,{KET},4
free,adj,免費的；有空的,{KET},1
French fries,n,薯條（美式）,{KET},5
fresh,adj,新鮮的,{KET},1
fridge,n,冰箱,"{KET,FLYERS}",5
Friday,n,星期五,"{KET,MOVERS,FLYERS}",2
fried,adj,油炸的,{KET},2
friend,n,朋友,"{KET,STARTERS,MOVERS,FLYERS}",4
friendly,adj,友善的,"{KET,FLYERS}",1
frightened,adj,害怕的,"{KET,MOVERS,FLYERS}",1
frog,n,青蛙,"{KET,STARTERS,MOVERS,FLYERS}",5
from,prep,從、來自,"{KET,STARTERS,MOVERS,FLYERS}",1
front,n,前面,"{KET,FLYERS}",2
fruit,n,水果,"{KET,STARTERS,MOVERS,FLYERS}",5
full,adj,滿的,"{KET,FLYERS}",1
fun,n,樂趣,"{KET,STARTERS,MOVERS,FLYERS}",1
funny,adj,好笑的,"{KET,STARTERS,MOVERS,FLYERS}",1
fur,n,毛皮,"{KET,FLYERS}",4
furniture,n,家具,{KET},4
further,adj,更遠的、進一步的,{KET},1
future,n,未來,"{KET,FLYERS}",1
gallery,n,美術館、畫廊,{KET},5
game,n,遊戲,"{KET,STARTERS,MOVERS,FLYERS}",3
garage,n,車庫,{KET},5
garden,n,花園,"{KET,STARTERS,MOVERS,FLYERS}",5
garlic,n,大蒜,{KET},5
gas,n,汽油（美式）,{KET},4
gas station,n,加油站（美式）,{KET},5
gate,n,大門、閘門,"{KET,FLYERS}",5
geography,n,地理,"{KET,FLYERS}",2
get,v,得到、變得,"{KET,STARTERS,MOVERS,FLYERS}",1
get back,v,回到,{KET},1
get dressed,v,穿好衣服,"{KET,MOVERS,FLYERS}",1
get fit,v,變健康,{KET},1
get married,v,結婚,{KET},1
get off,phr v,下車,"{KET,MOVERS,FLYERS}",1
get on,phr v,上車,"{KET,MOVERS,FLYERS}",1
get up,phr v,起床,"{KET,MOVERS,FLYERS}",1
gift,n,禮物,{KET},5
giraffe,n,長頸鹿,"{KET,STARTERS,MOVERS,FLYERS}",5
girl,n,女孩,"{KET,STARTERS,MOVERS,FLYERS}",5
girlfriend,n,女朋友,{KET},4
give,v,給,"{KET,STARTERS,MOVERS,FLYERS}",1
give back,v,歸還,{KET},1
give somebody a call,v,打電話給某人,{KET},1
ring,v,打電話；響,"{KET,FLYERS}",1
glad,adj,高興的,{KET},1
glass,n,玻璃；玻璃杯,"{KET,MOVERS,FLYERS}",4
glasses,n,眼鏡,"{KET,STARTERS,MOVERS,FLYERS}",5
glove,n,手套,"{KET,FLYERS}",5
go,v,去,"{KET,STARTERS,MOVERS,FLYERS}",1
goal,n,球門；進球,"{KET,MOVERS,FLYERS}",3
goat,n,山羊,"{KET,STARTERS,MOVERS,FLYERS}",5
gold,n,金子、金色,"{KET,FLYERS}",4
golden,adj,金色的,{KET},2
golf,n,高爾夫球,"{KET,FLYERS}",4
good,adj,好的,"{KET,STARTERS,MOVERS,FLYERS}",1
good afternoon,exclam,午安,{KET},1
goodbye,exclam,再見,"{KET,STARTERS,MOVERS,FLYERS}",1
good evening,exclam,晚安（傍晚問候）,{KET},1
good-looking,adj,好看的,{KET},1
good morning,exclam,早安,{KET},1
good night,exclam,晚安（睡前）,{KET},1
go out,phr v,外出,"{KET,FLYERS}",1
grade,n,年級；成績,{KET},2
gram,n,公克,{KET},3
gramme,n,公克,{KET},3
grandchild,n,孫子女,{KET},4
grandad,n,爺爺、外公,{KET},5
granddad,n,爺爺、外公,{KET},5
granddaughter,n,孫女,"{KET,MOVERS,FLYERS}",5
grandfather,n,祖父,"{KET,STARTERS,MOVERS,FLYERS}",5
grandma,n,奶奶,"{KET,STARTERS,MOVERS,FLYERS}",5
grandmother,n,祖母,"{KET,STARTERS,MOVERS,FLYERS}",5
grandpa,n,爺爺,"{KET,STARTERS,MOVERS,FLYERS}",5
grandparent,n,祖父母,"{KET,MOVERS,FLYERS}",5
grandson,n,孫子,"{KET,MOVERS,FLYERS}",5
granny,n,奶奶,{KET},5
grape,n,葡萄,"{KET,STARTERS,MOVERS,FLYERS}",5
grass,n,草,"{KET,MOVERS,FLYERS}",5
great,adj,很棒的,"{KET,STARTERS,MOVERS,FLYERS}",1
green,adj,綠色的,"{KET,STARTERS,MOVERS,FLYERS}",3
grey,n,灰色（英式）,"{KET,STARTERS,MOVERS,FLYERS}",3
grilled,adj,燒烤的,{KET},2
grocery store,n,雜貨店（美式）,{KET},5
ground,n,地面,"{KET,MOVERS,FLYERS}",4
group,n,團體、小組,"{KET,FLYERS}",3
grow,v,成長、種植,"{KET,MOVERS,FLYERS}",1
grow up,phr v,長大,{KET},1
guess,v,猜,"{KET,FLYERS}",1
Guess what,v,你猜怎麼著,{KET},1
guest,n,客人,{KET},4
guest-house,n,民宿,{KET},5
guide,n,導遊、指南,{KET},3
guidebook,n,旅遊指南,{KET},4
guitar,n,吉他,"{KET,STARTERS,MOVERS,FLYERS}",5
guy,n,傢伙、人,{KET},4
gym,n,健身房,"{KET,FLYERS}",5
hair,n,頭髮,"{KET,STARTERS,MOVERS,FLYERS}",5
half,det,一半,"{KET,FLYERS}",1
half-price,adj,半價的,{KET},1
hall,n,大廳、走廊,"{KET,STARTERS,MOVERS,FLYERS}",4
hand,n,手,"{KET,STARTERS,MOVERS,FLYERS}",5
handbag,n,手提包,"{KET,STARTERS,MOVERS,FLYERS}",5
happen,v,發生,"{KET,FLYERS}",1
happy,adj,快樂的,"{KET,STARTERS,MOVERS,FLYERS}",1
harbour,n,港口,{KET},5
hard,adj,硬的；困難的,"{KET,FLYERS}",2
hat,n,帽子,"{KET,STARTERS,MOVERS,FLYERS}",5
hate,v,討厭,"{KET,FLYERS}",1
have,v,有,"{KET,STARTERS,MOVERS,FLYERS}",1
have got to,mv,必須,{KET},1
have to,mv,必須,"{KET,MOVERS,FLYERS}",1
he,pron,他,"{KET,STARTERS,MOVERS,FLYERS}",1
head,n,頭,"{KET,STARTERS,MOVERS,FLYERS}",5
headache,n,頭痛,"{KET,MOVERS,FLYERS}",2
headphones,n,耳機,{KET},5
headteacher,n,校長,{KET},4
health,n,健康,{KET},2
healthy,adj,健康的,{KET},1
hear,v,聽到,"{KET,FLYERS}",1
heart,n,心臟,{KET},4
heating,n,暖氣,{KET},3
heavy,adj,重的,"{KET,FLYERS}",2
helicopter,n,直升機,"{KET,STARTERS,MOVERS,FLYERS}",5
hello,exclam,哈囉,"{KET,STARTERS,MOVERS,FLYERS}",1
help,v,幫助,"{KET,MOVERS,FLYERS}",1
helpful,adj,有幫助的,{KET},1
her,det,她的,"{KET,STARTERS,MOVERS,FLYERS}",1
here,adv,這裡,"{KET,STARTERS,MOVERS,FLYERS}",1
hers,pron,她的（東西）,"{KET,STARTERS,MOVERS,FLYERS}",1
herself,pron,她自己,{KET},1
hey,exclam,嘿,{KET},1
hi,exclam,嗨,"{KET,STARTERS,MOVERS,FLYERS}",1
high,adj,高的,"{KET,FLYERS}",2
hill,n,山丘,"{KET,FLYERS}",5
him,pron,他（受格）,"{KET,STARTERS,MOVERS,FLYERS}",1
himself,pron,他自己,{KET},1
hip hop,n,嘻哈音樂,{KET},3
hippo,n,河馬,"{KET,STARTERS,MOVERS,FLYERS}",5
his,det,他的,"{KET,STARTERS,MOVERS,FLYERS}",1
history,n,歷史,"{KET,FLYERS}",2
hit,v,打、擊中,"{KET,STARTERS,MOVERS,FLYERS}",2
hobby,n,嗜好,"{KET,STARTERS,MOVERS,FLYERS}",2
hockey,n,曲棍球,"{KET,STARTERS,MOVERS,FLYERS}",4
hold,v,拿著、握著,"{KET,STARTERS,MOVERS,FLYERS}",2
holiday,n,假期,"{KET,MOVERS,FLYERS}",2
home,n,家,"{KET,STARTERS,MOVERS,FLYERS}",4
homework,n,作業,"{KET,MOVERS,FLYERS}",3
honey,n,蜂蜜,"{KET,FLYERS}",5
hoodie,n,連帽外套,{KET},5
hope,v,希望,"{KET,FLYERS}",1
horrible,adj,很糟的、可怕的,"{KET,FLYERS}",1
horror,adj,恐怖的,{KET},1
horse,n,馬,"{KET,STARTERS,MOVERS,FLYERS}",5
hospital,n,醫院,"{KET,MOVERS,FLYERS}",5
hot,adj,熱的,"{KET,MOVERS,FLYERS}",2
hotel,n,飯店,"{KET,FLYERS}",5
hour,n,小時,"{KET,FLYERS}",2
house,n,房子,"{KET,STARTERS,MOVERS,FLYERS}",5
housewife,n,家庭主婦,{KET},4
how,adv,如何、多麼,"{KET,STARTERS,MOVERS,FLYERS}",1
however,adv,然而,{KET},1
huge,adj,巨大的,{KET},2
hungry,adj,飢餓的,"{KET,MOVERS,FLYERS}",1
hurry,v,趕快,"{KET,FLYERS}",1
hurt,v,傷害、疼痛,"{KET,MOVERS,FLYERS}",1
husband,n,丈夫,"{KET,FLYERS}",4
I,pron,我,"{KET,STARTERS,MOVERS,FLYERS}",1
ice,n,冰,"{KET,MOVERS,FLYERS}",4
ice cream,n,冰淇淋,"{KET,STARTERS,MOVERS,FLYERS}",5
ice skating,n,溜冰,"{KET,MOVERS,FLYERS}",2
ID,n,身分證件,{KET},4
ID card,n,身分證,{KET},5
idea,n,點子、想法,"{KET,MOVERS,FLYERS}",1
identification,n,身分證明,{KET},3
if,conj,如果,"{KET,FLYERS}",1
ill,adj,生病的,"{KET,MOVERS,FLYERS}",1
immediately,adv,立刻,{KET},1
important,adj,重要的,"{KET,FLYERS}",1
impossible,adj,不可能的,{KET},1
improve,v,改善、進步,"{KET,FLYERS}",1
in,adv,在……裡面,"{KET,STARTERS,MOVERS,FLYERS}",1
include,v,包含,{KET},1
including,prep,包括,{KET},1
indoor,adj,室內的,{KET},2
indoors,adv,在室內,{KET},2
information,n,資訊,"{KET,FLYERS}",1
in front of,prep,在……前面,"{KET,STARTERS,MOVERS,FLYERS}",2
ingredient,n,食材、原料,{KET},3
insect,n,昆蟲,"{KET,FLYERS}",5
inside,adv,在裡面,"{KET,MOVERS,FLYERS}",1
instead,adv,取而代之,"{KET,FLYERS}",1
instead of,prep,而不是,{KET},1
instructions,n,指示、說明,{KET},2
instrument,n,樂器；儀器,"{KET,FLYERS}",4
interested,adj,感興趣的,"{KET,FLYERS}",1
interesting,adj,有趣的,"{KET,FLYERS}",1
international,adj,國際的,{KET},1
internet,n,網際網路,"{KET,MOVERS,FLYERS}",3
into,prep,進入,"{KET,MOVERS,FLYERS}",1
invent,v,發明,"{KET,FLYERS}",1
invention,n,發明（物）,{KET},3
invitation,n,邀請（函）,"{KET,FLYERS}",3
invite,v,邀請,"{KET,MOVERS,FLYERS}",1
island,n,島嶼,"{KET,MOVERS,FLYERS}",5
it,pron,它,"{KET,STARTERS,MOVERS,FLYERS}",1
IT,n,資訊科技,"{KET,STARTERS,MOVERS,FLYERS}",1
its,det,它的,"{KET,STARTERS,MOVERS,FLYERS}",1
itself,pron,它自己,{KET},1
jacket,n,外套,"{KET,STARTERS,MOVERS,FLYERS}",5
jam,n,果醬,"{KET,FLYERS}",5
January,n,一月,"{KET,FLYERS}",2
jazz,n,爵士樂,{KET},3
jeans,n,牛仔褲,"{KET,STARTERS,MOVERS,FLYERS}",5
jellyfish,n,水母,{KET},5
jewellery,n,珠寶（英式）,{KET},4
job,n,工作,"{KET,FLYERS}",3
join,v,加入,"{KET,FLYERS}",1
journalist,n,記者,"{KET,FLYERS}",4
journey,n,旅程,"{KET,FLYERS}",2
juice,n,果汁,"{KET,STARTERS,MOVERS,FLYERS}",5
July,n,七月,"{KET,FLYERS}",2
jump,v,跳,"{KET,STARTERS,MOVERS,FLYERS}",2
jumper,n,毛衣,{KET},5
June,n,六月,"{KET,FLYERS}",2
just,adv,剛剛；只是,"{KET,FLYERS}",1
kangaroo,n,袋鼠,"{KET,MOVERS,FLYERS}",5
keep,v,保留、保持,"{KET,FLYERS}",1
key,n,鑰匙,"{KET,FLYERS}",5
keyboard,n,鍵盤,"{KET,STARTERS,MOVERS,FLYERS}",5
kick,n,踢,"{KET,STARTERS,MOVERS,FLYERS}",2
kid,n,小孩,"{KET,STARTERS,MOVERS,FLYERS}",5
kids,n,小孩們,{KET},5
kilogramme,n,公斤,{KET},3
kilometre,n,公里,"{KET,FLYERS}",3
kind,n,種類,"{KET,MOVERS,FLYERS}",2
king,n,國王,"{KET,FLYERS}",4
kiss,n,親吻,{KET},2
kit,n,一套裝備、工具組,{KET},3
kitchen,n,廚房,"{KET,STARTERS,MOVERS,FLYERS}",5
kite,n,風箏,"{KET,STARTERS,MOVERS,FLYERS}",5
kitten,n,小貓,"{KET,MOVERS,FLYERS}",5
knife,n,刀子,"{KET,FLYERS}",5
know,v,知道,"{KET,STARTERS,MOVERS,FLYERS}",1
lake,n,湖,"{KET,MOVERS,FLYERS}",5
lamp,n,燈,"{KET,STARTERS,MOVERS,FLYERS}",5
language,n,語言,"{KET,FLYERS}",2
laptop,n,筆記型電腦,"{KET,MOVERS,FLYERS}",5
large,adj,大的,"{KET,FLYERS}",1
last,adj,最後的；上一個的,"{KET,MOVERS,FLYERS}",1
late,adv,遲、晚,"{KET,FLYERS}",1
later,adv,之後、稍後,"{KET,FLYERS}",1
latest,adj,最新的,{KET},1
laugh,v,笑,"{KET,MOVERS,FLYERS}",1
lazy,adj,懶惰的,"{KET,FLYERS}",1
learn,v,學習,"{KET,STARTERS,MOVERS,FLYERS}",1
least,adv,至少,{KET},1
leather,n,皮革,{KET},4
leave,v,離開；留下,"{KET,FLYERS}",1
left,adj,左邊的,"{KET,FLYERS}",1
left-hand,adj,左手邊的,{KET},1
leg,n,腿,"{KET,STARTERS,MOVERS,FLYERS}",5
lemon,n,檸檬,"{KET,STARTERS,MOVERS,FLYERS}",5
lemonade,n,檸檬汽水,"{KET,STARTERS,MOVERS,FLYERS}",5
lend,v,借出,{KET},1
length,n,長度,{KET},2
less,adj,較少的,{KET},1
lesson,n,課、課程,"{KET,STARTERS,MOVERS,FLYERS}",3
let,v,讓,"{KET,FLYERS}",1
letter,n,字母；信,"{KET,STARTERS,MOVERS,FLYERS}",3
level,n,程度、等級,{KET},2
library,n,圖書館,"{KET,MOVERS,FLYERS}",5
licence,n,執照,{KET},4
lie down,phr v,躺下,{KET},1
life,n,生活、人生,{KET},1
lift,n,電梯；載一程,"{KET,MOVERS,FLYERS}",4
light,n,燈、光,"{KET,FLYERS}",4
like,adv,像；喜歡,"{KET,STARTERS,MOVERS,FLYERS}",1
line,n,線；行,"{KET,STARTERS,MOVERS,FLYERS}",2
link,n,連結,{KET},2
lion,n,獅子,"{KET,MOVERS,FLYERS}",5
list,n,清單,{KET},3
listen,v,聽,"{KET,STARTERS,MOVERS,FLYERS}",1
litre,n,公升（英式）,{KET},3
little,adj,小的、少的,"{KET,MOVERS,FLYERS}",2
live,v,居住,"{KET,STARTERS,MOVERS,FLYERS}",1
living room,n,客廳,"{KET,STARTERS,MOVERS,FLYERS}",5
lizard,n,蜥蜴,"{KET,STARTERS,MOVERS,FLYERS}",5
local,adj,當地的,{KET},1
long,adj,長的,"{KET,STARTERS,MOVERS,FLYERS}",2
look,v,看起來；看,"{KET,STARTERS,MOVERS,FLYERS}",1
look after,phr v,照顧,"{KET,FLYERS}",1
look at,phr v,看,"{KET,STARTERS,MOVERS,FLYERS}",1
look for,phr v,尋找,"{KET,MOVERS,FLYERS}",1
look out,phr v,小心,{KET},1
lorry,n,卡車,{KET},5
lose,v,輸；遺失,"{KET,MOVERS,FLYERS}",1
lost,adj,迷路的、遺失的,{KET},1
lots,n,很多,"{KET,STARTERS,MOVERS,FLYERS}",1
a lot,n,很多,{KET},1
loud,adj,大聲的,"{KET,MOVERS,FLYERS}",1
love,n,愛,"{KET,STARTERS,MOVERS,FLYERS}",1
lovely,adj,可愛的、宜人的,"{KET,FLYERS}",1
low,adj,低的,"{KET,FLYERS}",1
luck,n,運氣,{KET},1
luckily,adv,幸運地,{KET},1
lucky,adj,幸運的,"{KET,FLYERS}",1
luggage,n,行李,{KET},4
lunch,n,午餐,"{KET,STARTERS,MOVERS,FLYERS}",5
lunchtime,n,午餐時間,{KET},2
machine,n,機器,"{KET,MOVERS,FLYERS}",4
mad,adj,生氣的、瘋狂的,{KET},1
magazine,n,雜誌,"{KET,FLYERS}",4
mail,n,郵件,{KET},3
main course,n,主菜,{KET},5
make,v,製作、使,"{KET,STARTERS,MOVERS,FLYERS}",1
make sure,v,確定、確保,"{KET,FLYERS}",1
make-up,n,化妝,{KET},3
man,n,男人,{KET},5
manager,n,經理,"{KET,FLYERS}",4
mango,n,芒果,"{KET,STARTERS,MOVERS,FLYERS}",5
many,det,許多的,"{KET,STARTERS,MOVERS,FLYERS}",1
map,n,地圖,"{KET,MOVERS,FLYERS}",5
March,n,三月,"{KET,FLYERS}",2
mark,n,記號；分數,{KET},2
market,n,市場,"{KET,MOVERS,FLYERS}",5
married,adj,已婚的,"{KET,FLYERS}",1
match,n,比賽,"{KET,FLYERS}",3
maths,n,數學（英式）,"{KET,FLYERS}",2
mathematics,n,數學,{KET},2
matter,n,事情、問題,"{KET,MOVERS,FLYERS}",1
May,n,五月,"{KET,FLYERS}",2
may,mv,可以、可能,"{KET,FLYERS}",1
maybe,adv,也許,{KET},1
me,pron,我（受格）,"{KET,STARTERS,MOVERS,FLYERS}",1
meal,n,一餐,"{KET,FLYERS}",4
mean,v,意思是,"{KET,MOVERS,FLYERS}",1
meat,n,肉,"{KET,STARTERS,MOVERS,FLYERS}",5
mechanic,n,技工,"{KET,FLYERS}",4
medicine,n,藥；醫學,"{KET,FLYERS}",4
meet,v,見面,"{KET,FLYERS}",1
meeting,n,會議,"{KET,FLYERS}",3
melon,n,甜瓜、哈密瓜,{KET},5
member,n,成員,"{KET,FLYERS}",3
memory,n,記憶（體）,{KET},1
menu,n,菜單,{KET},5
message,n,訊息,"{KET,MOVERS,FLYERS}",3
metal,n,金屬,"{KET,FLYERS}",4
metre,n,公尺（英式）,{KET},3
microphone,n,麥克風,{KET},5
midday,n,中午,"{KET,FLYERS}",2
middle,n,中間,"{KET,FLYERS}",2
midnight,n,午夜,"{KET,FLYERS}",2
might,mv,可能,"{KET,FLYERS}",1
mile,n,英里,{KET},3
milk,n,牛奶,"{KET,STARTERS,MOVERS,FLYERS}",5
million,n,百萬,"{KET,FLYERS}",2
mind,v,介意；小心,"{KET,FLYERS}",1
mine,pron,我的（東西）,"{KET,STARTERS,MOVERS,FLYERS}",1
mineral water,n,礦泉水,{KET},5
minus,prep,減去,{KET},1
minute,n,分鐘,"{KET,FLYERS}",2
mirror,n,鏡子,"{KET,STARTERS,MOVERS,FLYERS}",5
Miss,n,……小姐（稱謂）,{KET},1
miss,v,想念；錯過,{KET},1
missing,adj,遺失的、不見的,"{KET,FLYERS}",1
mistake,n,錯誤,"{KET,MOVERS,FLYERS}",1
mix,v,混合,"{KET,FLYERS}",2
mobile,n,手機,{KET},5
model,n,模型；模特兒,"{KET,MOVERS,FLYERS}",4
modern,adj,現代的,{KET},1
mom,n,媽媽（美式）,{KET},5
moment,n,此刻、片刻,{KET},1
Monday,n,星期一,"{KET,MOVERS,FLYERS}",2
money,n,錢,"{KET,FLYERS}",4
monkey,n,猴子,{KET},5
month,n,月份,"{KET,FLYERS}",2
monthly,adj,每月的,{KET},1
moon,n,月亮,"{KET,MOVERS,FLYERS}",5
more,adj,更多的,"{KET,MOVERS,FLYERS}",1
morning,n,早上,"{KET,STARTERS,MOVERS,FLYERS}",2
most,adj,大部分的,"{KET,MOVERS,FLYERS}",1
mother,n,母親,"{KET,STARTERS,MOVERS,FLYERS}",5
motorbike,n,摩托車,"{KET,STARTERS,MOVERS,FLYERS}",5
motorway,n,高速公路,"{KET,FLYERS}",4
mountain,n,山,"{KET,MOVERS,FLYERS}",5
mouse,n,滑鼠；老鼠,{KET},5
mouth,n,嘴巴,"{KET,STARTERS,MOVERS,FLYERS}",5
move,v,移動,"{KET,MOVERS,FLYERS}",1
movie,n,電影（美式）,"{KET,MOVERS,FLYERS}",4
movie star,n,電影明星（美式）,{KET},4
movie theater,n,電影院（美式）,{KET},5
Mr,n,……先生（稱謂）,{KET},1
Mrs,n,……太太（稱謂）,{KET},1
Ms,n,……女士（稱謂）,{KET},1
much,adj,許多的（不可數）,"{KET,FLYERS}",1
mug,n,馬克杯,{KET},5
mum,n,媽媽（英式）,{KET},5
museum,n,博物館,"{KET,FLYERS}",5
mushroom,n,蘑菇,{KET},5
music,n,音樂,"{KET,STARTERS,MOVERS,FLYERS}",2
musical,adj,音樂的,{KET},1
musician,n,音樂家,{KET},4
must,mv,必須,"{KET,MOVERS,FLYERS}",1
my,det,我的,"{KET,STARTERS,MOVERS,FLYERS}",1
myself,pron,我自己,{KET},1
name,n,名字,{KET},2
national,adj,國家的、全國的,{KET},1
nationality,n,國籍,{KET},2
nature,n,大自然,{KET},2
natural,adj,自然的、天然的,{KET},1
near,adv,靠近,"{KET,MOVERS,FLYERS}",1
nearly,adv,幾乎,{KET},1
neck,n,脖子,"{KET,MOVERS,FLYERS}",5
necklace,n,項鍊,"{KET,FLYERS}",5
need,v,需要,"{KET,MOVERS,FLYERS}",1
neighbour,n,鄰居,{KET},4
nervous,adj,緊張的,{KET},1
nest,n,巢,"{KET,FLYERS}",5
net,n,網路,"{KET,MOVERS,FLYERS}",2
never,adv,從不,"{KET,MOVERS,FLYERS}",1
new,adj,新的,"{KET,STARTERS,MOVERS,FLYERS}",1
news,n,新聞,"{KET,FLYERS}",2
newspaper,n,報紙,"{KET,FLYERS}",4
next,adj,下一個的,"{KET,FLYERS}",1
next to,prep,在……旁邊,"{KET,STARTERS,MOVERS,FLYERS}",2
nice,adj,好的、友善的,"{KET,STARTERS,MOVERS,FLYERS}",1
night,n,夜晚,"{KET,STARTERS,MOVERS,FLYERS}",2
no,adv,不,"{KET,STARTERS,MOVERS,FLYERS}",1
nobody,pron,沒有人,{KET},1
noise,n,噪音、聲響,"{KET,MOVERS,FLYERS}",2
noisy,adj,吵鬧的,"{KET,FLYERS}",1
noon,n,中午,{KET},2
no one,pron,沒有人,{KET},1
normal,adj,正常的,{KET},1
north,n,北方,"{KET,FLYERS}",2
nose,n,鼻子,"{KET,STARTERS,MOVERS,FLYERS}",5
not,adv,不,{KET},1
note,n,筆記；紙鈔,{KET},2
notebook,n,筆記本,{KET},5
nothing,pron,沒有東西,"{KET,MOVERS,FLYERS}",1
notice,n,公告、告示,{KET},3
November,n,十一月,"{KET,FLYERS}",2
now,adv,現在,"{KET,STARTERS,MOVERS,FLYERS}",1
number,n,數字、號碼,"{KET,STARTERS,MOVERS,FLYERS}",1
nurse,n,護士,"{KET,MOVERS,FLYERS}",4
ocean,n,海洋,"{KET,FLYERS}",4
occupation,n,職業,{KET},2
October,n,十月,"{KET,FLYERS}",2
octopus,n,章魚,"{KET,FLYERS}",5
o'clock,adv,……點鐘,{KET},1
of,prep,……的,"{KET,STARTERS,MOVERS,FLYERS}",1
of course,adv,當然（不）,"{KET,FLYERS}",1
off,adv,離開、關掉,"{KET,MOVERS,FLYERS}",1
offer,n,提供、提議,{KET},1
office,n,辦公室,"{KET,FLYERS}",5
often,adv,常常,"{KET,MOVERS,FLYERS}",1
oh,exclam,喔,"{KET,STARTERS,MOVERS,FLYERS}",1
oh dear,exclam,唉呀,"{KET,STARTERS,MOVERS,FLYERS}",1
oil,n,油,{KET},4
OK,exclam,好的、沒問題,"{KET,STARTERS,MOVERS,FLYERS}",1
okay,exclam,好的、沒問題,{KET},1
old,adj,老的、舊的,"{KET,STARTERS,MOVERS,FLYERS}",1
Olympic,adj,奧運的,{KET},1
omelette,n,蛋捲、歐姆蛋,{KET},5
on,prep,在……上面,"{KET,STARTERS,MOVERS,FLYERS}",1
once,adv,一次,"{KET,FLYERS}",1
one,det,一個,{KET},1
onion,n,洋蔥,"{KET,STARTERS,MOVERS,FLYERS}",5
online,adj,線上的,"{KET,FLYERS}",1
only,adv,只、僅僅,{KET},1
open,adj,開著的,"{KET,STARTERS,MOVERS,FLYERS}",1
opera,n,歌劇,{KET},3
opinion,n,意見,{KET},1
opposite,prep,在……對面,"{KET,MOVERS,FLYERS}",2
or,conj,或者,"{KET,STARTERS,MOVERS,FLYERS}",1
orange,n,橘子；橘色,"{KET,STARTERS,MOVERS,FLYERS}",5
order,n,訂單、點餐,{KET},2
other,det,其他的,"{KET,FLYERS}",1
our,det,我們的,"{KET,STARTERS,MOVERS,FLYERS}",1
ours,pron,我們的（東西）,"{KET,STARTERS,MOVERS,FLYERS}",1
ourselves,pron,我們自己,{KET},1
out,adv,在外面,"{KET,MOVERS,FLYERS}",1
outdoor,adj,戶外的,{KET},1
outdoors,adv,在戶外,{KET},2
out of,prep,從……出來,"{KET,MOVERS,FLYERS}",1
outside,prep,在……外面,"{KET,MOVERS,FLYERS}",1
oven,n,烤箱,"{KET,FLYERS}",5
over,prep,超過；遍及,"{KET,FLYERS}",1
own,adj,自己的,{KET},1
pack,v,打包、收拾（行李）,{KET},2
page,n,頁面、頁,"{KET,STARTERS,MOVERS,FLYERS}",3
pain,n,疼痛,{KET},1
paint,v,上漆、畫（油漆）,"{KET,STARTERS,MOVERS,FLYERS}",2
painter,n,畫家、油漆工,{KET},4
painting,n,畫、繪畫,"{KET,STARTERS,MOVERS,FLYERS}",4
pale,adj,蒼白的、淺色的,{KET},2
pair,n,一雙、一對,"{KET,MOVERS,FLYERS}",2
panda,n,貓熊,"{KET,MOVERS,FLYERS}",5
paper,n,紙,"{KET,STARTERS,MOVERS,FLYERS}",5
paragraph,n,段落,{KET},3
pardon,exclam,請再說一次,"{KET,STARTERS,MOVERS,FLYERS}",1
parent,n,父母,"{KET,MOVERS,FLYERS}",4
park,n,公園,"{KET,STARTERS,MOVERS,FLYERS}",5
parking lot,n,停車場（美式）,{KET},5
parrot,n,鸚鵡,"{KET,MOVERS,FLYERS}",5
part,n,部分,"{KET,STARTERS,MOVERS,FLYERS}",2
partner,n,伴侶、夥伴,{KET},4
party,n,派對,"{KET,MOVERS,FLYERS}",3
pass,v,經過；通過,{KET},1
passenger,n,乘客,"{KET,FLYERS}",4
passport,n,護照,{KET},5
password,n,密碼,{KET},3
past,prep,經過；……過,"{KET,FLYERS}",1
pasta,n,義大利麵,"{KET,MOVERS,FLYERS}",5
path,n,小徑,"{KET,FLYERS}",4
pay,v,付錢,{KET},1
PC,n,個人電腦,{KET},5
pear,n,梨子,"{KET,STARTERS,MOVERS,FLYERS}",5
pen,n,筆,"{KET,STARTERS,MOVERS,FLYERS}",5
pence,n,便士（複數）,{KET},3
pencil,n,鉛筆,"{KET,STARTERS,MOVERS,FLYERS}",5
pencil case,n,鉛筆盒,{KET},5
penfriend,n,筆友,{KET},4
penguin,n,企鵝,"{KET,MOVERS,FLYERS}",5
penny,n,便士,{KET},3
people,n,人們,{KET},4
pepper,n,胡椒；甜椒,"{KET,FLYERS}",5
per,prep,每……,{KET},1
perfect,adj,完美的,{KET},1
perform,v,表演,{KET},1
performance,n,表演,{KET},2
perfume,n,香水,{KET},5
perhaps,adv,或許,"{KET,FLYERS}",1
person,n,人,{KET},5
pet,n,寵物,"{KET,STARTERS,MOVERS,FLYERS}",5
petrol,n,汽油,{KET},4
petrol station,n,加油站,{KET},5
pharmacy,n,藥局,{KET},5
phone,v,打電話,"{KET,STARTERS,MOVERS,FLYERS}",1
photo,n,照片,"{KET,STARTERS,MOVERS,FLYERS}",5
photograph,n,照片,{KET},5
photographer,n,攝影師,"{KET,FLYERS}",4
photography,n,攝影,{KET},2
physics,n,物理,{KET},2
piano,n,鋼琴,"{KET,STARTERS,MOVERS,FLYERS}",5
pick up,phr v,撿起、接送,"{KET,STARTERS,MOVERS,FLYERS}",1
picnic,n,野餐,"{KET,MOVERS,FLYERS}",3
picture,n,圖片,"{KET,STARTERS,MOVERS,FLYERS}",5
piece,n,一塊、一片,"{KET,FLYERS}",2
pillow,n,枕頭,{KET},5
pilot,n,飛行員,"{KET,FLYERS}",4
pink,adj,粉紅色的,"{KET,STARTERS,MOVERS,FLYERS}",3
pity,n,可惜、遺憾,{KET},1
pizza,n,披薩,"{KET,FLYERS}",5
place,n,地方,"{KET,MOVERS,FLYERS}",3
plan,n,計畫,{KET},1
plane,n,飛機,"{KET,STARTERS,MOVERS,FLYERS}",5
plant,n,植物,"{KET,MOVERS,FLYERS}",5
plastic,n,塑膠,"{KET,FLYERS}",4
plate,n,盤子,"{KET,MOVERS,FLYERS}",5
platform,n,月台,"{KET,FLYERS}",4
play,v,玩、彈奏,"{KET,STARTERS,MOVERS,FLYERS}",1
player,n,選手、玩家,"{KET,MOVERS,FLYERS}",4
playground,n,遊樂場、操場,"{KET,STARTERS,MOVERS,FLYERS}",5
pleasant,adj,愉快的、宜人的,{KET},1
please,v,使高興；請,"{KET,STARTERS,MOVERS,FLYERS}",1
pleased,adj,高興的,"{KET,FLYERS}",1
plus,prep,加上,{KET},1
p.m.,adv,下午（時間標示）,{KET},2
pocket,n,口袋,"{KET,FLYERS}",5
point,v,指、指向,"{KET,STARTERS,MOVERS,FLYERS}",2
polar bear,n,北極熊,"{KET,STARTERS,MOVERS,FLYERS}",5
police,n,警察（機構）,{KET},4
police car,n,警車,{KET},5
police officer,n,警察,"{KET,FLYERS}",4
police station,n,警察局,"{KET,FLYERS}",5
polite,adj,有禮貌的,{KET},1
pool,n,游泳池,"{KET,MOVERS,FLYERS}",5
poor,adj,貧窮的,"{KET,FLYERS}",1
poor thing,adj,可憐的傢伙,{KET},1
poor you,adj,你真可憐,{KET},1
pop,n,流行音樂,{KET},3
popular,adj,受歡迎的,"{KET,FLYERS}",1
port,n,港口,{KET},5
possible,adj,可能的,{KET},1
possibly,adv,可能,{KET},1
post,v,郵寄；發佈,"{KET,FLYERS}",1
postcard,n,明信片,"{KET,FLYERS}",5
poster,n,海報,"{KET,STARTERS,MOVERS,FLYERS}",5
post office,n,郵局,"{KET,FLYERS}",5
potato,n,馬鈴薯,"{KET,STARTERS,MOVERS,FLYERS}",5
pound,n,英鎊,{KET},3
practice,n,練習（英式）,"{KET,MOVERS,FLYERS}",2
practise,v,練習,"{KET,MOVERS,FLYERS}",1
prefer,v,比較喜歡,"{KET,FLYERS}",1
would prefer,v,比較想要,{KET},1
prepare,v,準備,"{KET,FLYERS}",1
present,n,禮物,"{KET,MOVERS,FLYERS}",5
pretty,adj,漂亮的,"{KET,MOVERS,FLYERS}",2
price,n,價格,{KET},2
print,v,列印,{KET},1
printer,n,印表機,{KET},5
prize,n,獎品,"{KET,FLYERS}",4
probably,adv,可能、大概,{KET},1
problem,n,問題,"{KET,FLYERS}",1
program,n,程式,{KET},3
programme,n,節目,"{KET,FLYERS}",3
project,n,專題、企畫,"{KET,FLYERS}",2
pull,v,拉,"{KET,FLYERS}",2
pupil,n,學生,{KET},4
puppy,n,小狗,"{KET,MOVERS,FLYERS}",5
purple,adj,紫色的,"{KET,STARTERS,MOVERS,FLYERS}",3
purse,n,零錢包,{KET},5
push,v,推,"{KET,FLYERS}",2
put,v,放,"{KET,STARTERS,MOVERS,FLYERS}",1
put on,phr v,穿上,"{KET,MOVERS,FLYERS}",1
puzzle,n,拼圖、謎題,"{KET,FLYERS}",3
quarter,n,四分之一；一刻鐘,"{KET,FLYERS}",1
queen,n,皇后、女王,"{KET,FLYERS}",4
question,n,問題,"{KET,STARTERS,MOVERS,FLYERS}",2
quick,adj,快的,"{KET,MOVERS,FLYERS}",1
quickly,adv,快速地,"{KET,MOVERS,FLYERS}",1
quiet,adj,安靜的,"{KET,MOVERS,FLYERS}",1
quite,adv,相當,"{KET,FLYERS}",1
quiz,n,小測驗,"{KET,FLYERS}",3
rabbit,n,兔子,"{KET,MOVERS,FLYERS}",5
race,n,比賽、賽跑,"{KET,FLYERS}",3
racket,n,球拍,{KET},5
radio,n,收音機,"{KET,STARTERS,MOVERS,FLYERS}",5
railway,n,鐵路,"{KET,FLYERS}",4
rain,n,雨,"{KET,MOVERS,FLYERS}",4
raincoat,n,雨衣,{KET},5
rainforest,n,雨林,{KET},4
rap,n,饒舌音樂,{KET},3
read,v,閱讀,"{KET,STARTERS,MOVERS,FLYERS}",1
reading,n,閱讀,{KET},1
ready,adj,準備好的,"{KET,FLYERS}",1
real,adj,真實的,{KET},1
really,adv,真的、非常,"{KET,STARTERS,MOVERS,FLYERS}",1
reason,n,原因,{KET},1
receipt,n,收據,{KET},4
receive,v,收到,{KET},1
recently,adv,最近,{KET},1
receptionist,n,接待員,{KET},4
recipe,n,食譜,{KET},4
record,v,錄音、錄製,{KET},1
red,adj,紅色的,"{KET,STARTERS,MOVERS,FLYERS}",3
refrigerator,n,冰箱,{KET},5
relax,v,放鬆,{KET},1
relaxing,adj,令人放鬆的,{KET},1
remember,v,記得,"{KET,FLYERS}",1
rent,v,租,{KET},1
repair,v,修理,"{KET,FLYERS}",1
repeat,v,重複,"{KET,FLYERS}",1
rest,n,休息；剩餘,{KET},1
restaurant,n,餐廳,"{KET,FLYERS}",5
return,n,回來、歸還,{KET},1
review,n,評論,{KET},2
rice,n,米飯,"{KET,STARTERS,MOVERS,FLYERS}",5
rich,adj,富有的,"{KET,FLYERS}",1
ride,n,騎乘,"{KET,STARTERS,MOVERS,FLYERS}",2
riding,n,騎馬,{KET},2
right,n,右邊；正確的,"{KET,STARTERS,MOVERS,FLYERS}",1
right hand,adj,右手邊的,{KET},1
river,n,河流,"{KET,MOVERS,FLYERS}",5
road,n,道路,"{KET,MOVERS,FLYERS}",5
roast,v,烘烤,{KET},2
rock,n,搖滾樂,"{KET,MOVERS,FLYERS}",3
roof,n,屋頂,"{KET,MOVERS,FLYERS}",5
room,n,房間,"{KET,STARTERS,MOVERS,FLYERS}",5
round,adj,圓的,"{KET,MOVERS,FLYERS}",3
roundabout,n,圓環,{KET},4
rubber,n,橡皮擦,{KET},5
rubbish,n,垃圾,{KET},4
rugby,n,橄欖球,{KET},4
ruler,n,尺,"{KET,STARTERS,MOVERS,FLYERS}",5
run,v,跑,"{KET,STARTERS,MOVERS,FLYERS}",2
runner,n,跑者,{KET},4
running,n,跑步,{KET},2
sad,adj,難過的,"{KET,STARTERS,MOVERS,FLYERS}",1
safe,adj,安全的,"{KET,MOVERS,FLYERS}",1
sail,v,航行,"{KET,MOVERS,FLYERS}",2
sailing,n,帆船運動,{KET},3
salad,n,沙拉,"{KET,MOVERS,FLYERS}",5
sale,n,出售；特賣,{KET},2
salt,n,鹽,"{KET,FLYERS}",5
same,adj,相同的,"{KET,FLYERS}",1
sandwich,n,三明治,"{KET,MOVERS,FLYERS}",5
Saturday,n,星期六,"{KET,MOVERS,FLYERS}",2
sauce,n,醬汁,"{KET,MOVERS,FLYERS}",4
sausage,n,香腸,"{KET,STARTERS,MOVERS,FLYERS}",5
save,v,節省；儲存,"{KET,FLYERS}",1
say,v,說,"{KET,STARTERS,MOVERS,FLYERS}",1
scared,adj,害怕的,{KET},1
scarf,n,圍巾,"{KET,MOVERS,FLYERS}",5
scary,adj,嚇人的,"{KET,STARTERS,MOVERS,FLYERS}",1
school,n,學校,"{KET,STARTERS,MOVERS,FLYERS}",5
schoolchild,n,學童,{KET},4
science,n,科學,"{KET,FLYERS}",2
scientist,n,科學家,{KET},4
scissors,n,剪刀,"{KET,FLYERS}",5
scooter,n,滑板車、速可達,{KET},5
score,n,得分、比數,"{KET,MOVERS,FLYERS}",2
screen,n,螢幕,"{KET,FLYERS}",4
sea,n,海,"{KET,STARTERS,MOVERS,FLYERS}",5
season,n,季節,{KET},3
seat,n,座位,"{KET,MOVERS,FLYERS}",5
second,adj,第二的,"{KET,MOVERS,FLYERS}",1
secretary,n,秘書,{KET},4
see,v,看見,"{KET,STARTERS,MOVERS,FLYERS}",1
seem,v,似乎、看起來,{KET},1
selfie,n,自拍,{KET},2
sell,v,賣,"{KET,FLYERS}",2
send,v,寄送、傳送,"{KET,MOVERS,FLYERS}",1
sentence,n,句子,"{KET,STARTERS,MOVERS,FLYERS}",2
September,n,九月,"{KET,FLYERS}",2
serious,adj,嚴肅的、認真的,{KET},1
serve,v,服務、供應（餐點）,{KET},1
set,n,一組、一套,{KET},2
several,det,幾個的,"{KET,FLYERS}",1
shall,mv,將要（提議）,"{KET,MOVERS,FLYERS}",1
shame,n,可惜,{KET},1
shampoo,n,洗髮精,"{KET,FLYERS}",5
share,v,分享、共用,{KET},1
shark,n,鯊魚,"{KET,MOVERS,FLYERS}",5
she,pron,她,"{KET,STARTERS,MOVERS,FLYERS}",1
sheep,n,羊,"{KET,STARTERS,MOVERS,FLYERS}",5
sheet,n,床單；一張（紙）,{KET},4
shelf,n,架子,"{KET,FLYERS}",5
ship,n,船,{KET},5
shirt,n,襯衫,"{KET,STARTERS,MOVERS,FLYERS}",5
shoe,n,鞋子,"{KET,STARTERS,MOVERS,FLYERS}",5
shop,n,商店,"{KET,STARTERS,MOVERS,FLYERS}",5
shop assistant,n,店員,{KET},4
shopper,n,購物者,{KET},4
shopping,n,購物,"{KET,MOVERS,FLYERS}",2
shopping centre,n,購物中心,"{KET,MOVERS,FLYERS}",5
short,adj,短的,"{KET,STARTERS,MOVERS,FLYERS}",2
shorts,n,短褲,"{KET,STARTERS,MOVERS,FLYERS}",5
should,mv,應該,"{KET,FLYERS}",1
shout,v,大喊,"{KET,MOVERS,FLYERS}",1
show,v,展示；秀、節目,"{KET,STARTERS,MOVERS,FLYERS}",1
shower,n,淋浴、蓮蓬頭,"{KET,MOVERS,FLYERS}",4
shut,v,關閉,{KET},1
shy,adj,害羞的,{KET},1
sick,adj,生病的,"{KET,MOVERS,FLYERS}",1
side,n,邊、側,{KET},2
sightseeing,n,觀光,{KET},2
sign,n,標誌,{KET},3
silver,n,銀、銀色,"{KET,FLYERS}",4
similar,adj,相似的,{KET},1
simple,adj,簡單的,{KET},1
since,prep,自從,"{KET,FLYERS}",1
sing,v,唱歌,"{KET,STARTERS,MOVERS,FLYERS}",1
singer,n,歌手,"{KET,FLYERS}",4
singing,n,唱歌,{KET},1
single,adj,單一的；單身的,{KET},1
sink,n,水槽,{KET},5
sister,n,姊妹,"{KET,STARTERS,MOVERS,FLYERS}",5
sit,v,坐,"{KET,STARTERS,MOVERS,FLYERS}",2
sit down,phr v,坐下,{KET},1
site,n,網站,{KET},2
sitting room,n,客廳,{KET},5
size,n,尺寸,{KET},2
skate,v,溜冰,"{KET,MOVERS,FLYERS}",2
skateboard,n,滑板,"{KET,STARTERS,MOVERS,FLYERS}",5
skateboarding,n,玩滑板,"{KET,STARTERS,MOVERS,FLYERS}",2
skating,n,溜冰,{KET},2
ski,v,滑雪,"{KET,FLYERS}",2
skiing,n,滑雪,{KET},2
skirt,n,裙子,"{KET,STARTERS,MOVERS,FLYERS}",5
sky,n,天空,"{KET,MOVERS,FLYERS}",4
sleep,v,睡覺,{KET},1
slice,n,一片,{KET},2
slim,adj,苗條的,{KET},2
slow,adj,慢的,"{KET,MOVERS,FLYERS}",1
slowly,adv,慢慢地,"{KET,MOVERS,FLYERS}",1
small,adj,小的,"{KET,STARTERS,MOVERS,FLYERS}",2
smart,adj,體面的、時髦的,{KET},1
smoke,v,抽菸,{KET},1
smoking,n,抽菸,{KET},1
snack,n,點心,"{KET,FLYERS}",5
snail,n,蝸牛,"{KET,MOVERS,FLYERS}",5
snake,n,蛇,"{KET,STARTERS,MOVERS,FLYERS}",5
snow,n,雪,"{KET,MOVERS,FLYERS}",4
snowboard,n,滑雪板,"{KET,FLYERS}",5
snowboarding,n,單板滑雪,"{KET,FLYERS}",2
so,conj,所以；如此,"{KET,STARTERS,MOVERS,FLYERS}",1
soap,n,肥皂,"{KET,FLYERS}",5
soccer,n,足球,"{KET,STARTERS,MOVERS,FLYERS}",5
social media,n,社群媒體,{KET},2
sock,n,襪子,"{KET,STARTERS,MOVERS,FLYERS}",5
sofa,n,沙發,"{KET,STARTERS,MOVERS,FLYERS}",5
soft,adj,軟的,"{KET,FLYERS}",2
software,n,軟體,{KET},2
some,det,一些,"{KET,STARTERS,MOVERS,FLYERS}",1
somebody,pron,某人,{KET},1
someone,pron,某人,"{KET,MOVERS,FLYERS}",1
something,pron,某事、某物,"{KET,MOVERS,FLYERS}",1
sometimes,adv,有時候,"{KET,MOVERS,FLYERS}",1
somewhere,adv,某處,"{KET,FLYERS}",1
son,n,兒子,"{KET,MOVERS,FLYERS}",4
song,n,歌曲,"{KET,STARTERS,MOVERS,FLYERS}",3
soon,adv,很快,"{KET,FLYERS}",1
sorry,adj,抱歉的,"{KET,STARTERS,MOVERS,FLYERS}",1
sort,n,種類,{KET},1
sound,v,聽起來,"{KET,FLYERS}",1
soup,n,湯,"{KET,MOVERS,FLYERS}",5
south,n,南方,"{KET,FLYERS}",2
space,n,空間；太空,"{KET,FLYERS}",2
spare,adj,空閒的,{KET},1
speak,v,說話,"{KET,FLYERS}",1
speaker,n,喇叭；說話者,{KET},4
special,adj,特別的,"{KET,FLYERS}",1
spell,v,拼字,"{KET,STARTERS,MOVERS,FLYERS}",1
spelling,n,拼字,{KET},1
spend,v,花費（時間／金錢）,"{KET,FLYERS}",1
spider,n,蜘蛛,"{KET,STARTERS,MOVERS,FLYERS}",5
spoon,n,湯匙,"{KET,FLYERS}",5
sport,n,運動,"{KET,STARTERS,MOVERS,FLYERS}",2
sports centre,n,運動中心,"{KET,MOVERS,FLYERS}",5
spring,n,春天,"{KET,FLYERS}",3
square,n,廣場；正方形,"{KET,MOVERS,FLYERS}",3
stadium,n,體育場,"{KET,FLYERS}",5
staff,n,員工,{KET},4
stage,n,舞台,"{KET,FLYERS}",4
stairs,n,樓梯,{KET},5
stamp,n,郵票,"{KET,FLYERS}",5
stand,v,站立,"{KET,STARTERS,MOVERS,FLYERS}",2
star,n,星星；明星,"{KET,MOVERS,FLYERS}",4
start,v,開始,"{KET,STARTERS,MOVERS,FLYERS}",1
station,n,車站,"{KET,MOVERS,FLYERS}",5
stay,v,停留,"{KET,FLYERS}",1
steak,n,牛排,{KET},5
steal,v,偷竊,{KET},1
still,adv,仍然,"{KET,FLYERS}",1
stomach,n,胃、肚子,"{KET,MOVERS,FLYERS}",5
stomach ache,n,胃痛、肚子痛,{KET},2
stop,n,站牌、停止,"{KET,STARTERS,MOVERS,FLYERS}",3
store,n,商店,"{KET,STARTERS,MOVERS,FLYERS}",5
storm,n,暴風雨,"{KET,FLYERS}",4
story,n,故事,"{KET,STARTERS,MOVERS,FLYERS}",2
straight,adj,直的,"{KET,MOVERS,FLYERS}",2
strange,adj,奇怪的,"{KET,FLYERS}",1
strawberry,n,草莓,"{KET,FLYERS}",5
street,n,街道,"{KET,STARTERS,MOVERS,FLYERS}",5
striped,adj,有條紋的,"{KET,FLYERS}",2
stripes,n,條紋,{KET},2
strong,adj,強壯的,"{KET,MOVERS,FLYERS}",2
student,n,學生,"{KET,FLYERS}",4
studies,n,學業、研究,{KET},1
study,v,讀書、研究,"{KET,FLYERS}",1
stuff,n,東西,{KET},2
subject,n,科目；主題,"{KET,FLYERS}",2
success,n,成功,{KET},1
successful,adj,成功的,{KET},1
such,det,如此的,"{KET,FLYERS}",1
suddenly,adv,突然地,"{KET,FLYERS}",1
sugar,n,糖,"{KET,FLYERS}",5
suggest,v,建議,{KET},1
suit,n,西裝,{KET},5
suitcase,n,行李箱,"{KET,FLYERS}",5
summer,n,夏天,"{KET,FLYERS}",3
sun,n,太陽,"{KET,STARTERS,MOVERS,FLYERS}",5
Sunday,n,星期日,"{KET,MOVERS,FLYERS}",2
sunglasses,n,太陽眼鏡,"{KET,FLYERS}",5
sunny,adj,晴朗的,"{KET,MOVERS,FLYERS}",2
supermarket,n,超市,"{KET,MOVERS,FLYERS}",5
supper,n,晚餐、宵夜,{KET},5
suppose,v,猜想、認為,{KET},1
sure,adj,確定的,"{KET,FLYERS}",1
surf,v,上網瀏覽；衝浪,{KET},2
surfboard,n,衝浪板,{KET},5
surfboarding,n,衝浪,{KET},2
surfing,n,衝浪,{KET},2
surname,n,姓氏,"{KET,FLYERS}",2
surprise,n,驚喜,"{KET,FLYERS}",1
surprised,adj,感到驚訝的,"{KET,MOVERS,FLYERS}",1
surprising,adj,令人驚訝的,{KET},1
swan,n,天鵝,"{KET,FLYERS}",5
sweater,n,毛衣,"{KET,MOVERS,FLYERS}",5
sweet,n,糖果,"{KET,STARTERS,MOVERS,FLYERS}",5
swim,v,游泳,"{KET,STARTERS,MOVERS,FLYERS}",2
swimming,n,游泳,{KET},2
swimming costume,n,泳裝（英式）,{KET},5
swimming pool,n,游泳池,"{KET,MOVERS,FLYERS}",5
swimsuit,n,泳裝,"{KET,MOVERS,FLYERS}",5
table,n,桌子,"{KET,STARTERS,MOVERS,FLYERS}",5
table tennis,n,桌球,"{KET,STARTERS,MOVERS,FLYERS}",4
tablet,n,平板電腦,"{KET,STARTERS,MOVERS,FLYERS}",5
tail,n,尾巴,"{KET,STARTERS,MOVERS,FLYERS}",5
take,v,拿、帶；花費（時間）,"{KET,MOVERS,FLYERS}",1
take off,phr v,脫掉；起飛,"{KET,MOVERS,FLYERS}",1
take part,v,參加,{KET},1
talk,n,談話,"{KET,STARTERS,MOVERS,FLYERS}",1
tall,adj,高的,"{KET,MOVERS,FLYERS}",2
tasty,adj,美味的,{KET},1
taxi,n,計程車,"{KET,FLYERS}",5
tea,n,茶,"{KET,MOVERS,FLYERS}",5
teach,v,教,"{KET,MOVERS,FLYERS}",1
teacher,n,老師,"{KET,STARTERS,MOVERS,FLYERS}",4
team,n,團隊,"{KET,FLYERS}",3
technology,n,科技,{KET},1
teenager,n,青少年,{KET},4
telephone,n,電話,"{KET,FLYERS}",5
television,n,電視,{KET},5
tell,v,告訴,"{KET,STARTERS,MOVERS,FLYERS}",1
temperature,n,溫度,"{KET,MOVERS,FLYERS}",2
tennis,n,網球,"{KET,STARTERS,MOVERS,FLYERS}",4
tennis player,n,網球選手,{KET},4
tent,n,帳篷,"{KET,FLYERS}",5
term,n,學期,{KET},2
terrible,adj,糟糕的,"{KET,MOVERS,FLYERS}",1
test,n,測驗,{KET},2
text,n,簡訊；文字,"{KET,MOVERS,FLYERS}",2
textbook,n,教科書,{KET},5
text message,n,簡訊,{KET},3
than,prep,比……,"{KET,MOVERS,FLYERS}",1
thank,v,感謝,"{KET,FLYERS}",1
thanks,exclam,謝謝,"{KET,STARTERS,MOVERS,FLYERS}",1
thank you,exclam,謝謝,"{KET,STARTERS,MOVERS,FLYERS}",1
that,conj,那個,"{KET,STARTERS,MOVERS,FLYERS}",1
the,det,這、那（定冠詞）,"{KET,STARTERS,MOVERS,FLYERS}",1
theatre,n,劇院（英式）,"{KET,FLYERS}",5
their,det,他們的,"{KET,STARTERS,MOVERS,FLYERS}",1
theirs,pron,他們的（東西）,"{KET,STARTERS,MOVERS,FLYERS}",1
them,pron,他們（受格）,"{KET,STARTERS,MOVERS,FLYERS}",1
themselves,pron,他們自己,{KET},1
then,adv,然後,"{KET,STARTERS,MOVERS,FLYERS}",1
there,adv,那裡,"{KET,STARTERS,MOVERS,FLYERS}",1
these,det,這些,"{KET,STARTERS,MOVERS,FLYERS}",1
they,pron,他們,"{KET,STARTERS,MOVERS,FLYERS}",1
thin,adj,瘦的、薄的,"{KET,MOVERS,FLYERS}",2
thing,n,東西、事情,"{KET,STARTERS,MOVERS,FLYERS}",2
think,v,想、認為,"{KET,MOVERS,FLYERS}",1
thirsty,adj,口渴的,"{KET,MOVERS,FLYERS}",1
this,det,這個,"{KET,STARTERS,MOVERS,FLYERS}",1
those,det,那些,"{KET,STARTERS,MOVERS,FLYERS}",1
through,prep,穿過,"{KET,FLYERS}",1
throw,v,丟,"{KET,STARTERS,MOVERS,FLYERS}",2
thunderstorm,n,雷雨,{KET},4
Thursday,n,星期四,"{KET,MOVERS,FLYERS}",2
ticket,n,票,"{KET,MOVERS,FLYERS}",5
tidy,adj,整齊的,"{KET,FLYERS}",1
tidy up,v,整理,{KET},1
tie,n,領帶,{KET},5
tiger,n,老虎,"{KET,STARTERS,MOVERS,FLYERS}",5
tights,n,褲襪,{KET},5
till,prep,直到,{KET},1
time,n,時間,"{KET,FLYERS}",1
timetable,n,時刻表、課表,"{KET,FLYERS}",3
tired,adj,累的,"{KET,MOVERS,FLYERS}",1
title,n,標題,{KET},2
to,prep,到、向,"{KET,STARTERS,MOVERS,FLYERS}",1
toast,n,吐司,{KET},5
today,n,今天,"{KET,STARTERS,MOVERS,FLYERS}",1
toe,n,腳趾,"{KET,FLYERS}",5
together,adv,一起,"{KET,FLYERS}",1
toilet,n,廁所,{KET},5
tomato,n,番茄,"{KET,STARTERS,MOVERS,FLYERS}",5
tomorrow,n,明天,"{KET,FLYERS}",1
tonight,n,今晚,{KET},1
tortoise,n,陸龜,"{KET,FLYERS}",5
too,adv,也；太,"{KET,STARTERS,MOVERS,FLYERS}",1
tooth,n,牙齒,{KET},5
toothache,n,牙痛,"{KET,MOVERS,FLYERS}",2
toothbrush,n,牙刷,"{KET,MOVERS,FLYERS}",5
top,n,頂端、上方,"{KET,MOVERS,FLYERS}",3
topic,n,主題,{KET},2
total,n,總數、總計,{KET},1
tour,n,巡迴、旅遊,"{KET,FLYERS}",2
tour guide,n,導遊,{KET},4
tourist,n,遊客,{KET},4
tourist information centre,n,旅遊服務中心,{KET},5
towel,n,毛巾,"{KET,MOVERS,FLYERS}",5
town,n,城鎮,"{KET,MOVERS,FLYERS}",4
toy,n,玩具,"{KET,STARTERS,MOVERS,FLYERS}",5
traffic,n,交通,"{KET,FLYERS}",2
traffic light,n,紅綠燈,{KET},5
train,n,火車,"{KET,STARTERS,MOVERS,FLYERS}",5
training,n,訓練,{KET},1
trainer,n,運動鞋,{KET},5
tram,n,電車,{KET},5
transport,n,交通運輸,{KET},2
travel,v,旅行,"{KET,MOVERS,FLYERS}",1
tree,n,樹,"{KET,STARTERS,MOVERS,FLYERS}",5
trip,n,旅行、行程,"{KET,MOVERS,FLYERS}",2
trouble,n,麻煩,{KET},1
trousers,n,褲子,"{KET,STARTERS,MOVERS,FLYERS}",5
true,adj,真的,{KET},1
try,v,嘗試,"{KET,STARTERS,MOVERS,FLYERS}",1
try on,phr v,試穿,{KET},1
T-shirt,n,T 恤,"{KET,STARTERS,MOVERS,FLYERS}",5
Tuesday,n,星期二,"{KET,MOVERS,FLYERS}",2
tune,n,曲調,"{KET,FLYERS}",2
turn,v,轉、轉彎,"{KET,FLYERS}",2
turn off,phr v,關掉,"{KET,FLYERS}",1
turn on,phr v,打開,"{KET,FLYERS}",1
twice,adv,兩次,"{KET,FLYERS}",1
type,n,類型,{KET},1
tyre,n,輪胎,"{KET,FLYERS}",5
umbrella,n,雨傘,"{KET,FLYERS}",5
uncle,n,叔叔、伯伯,"{KET,MOVERS,FLYERS}",4
under,prep,在……下面,"{KET,STARTERS,MOVERS,FLYERS}",1
underground,n,地下鐵,{KET},5
understand,v,理解,"{KET,STARTERS,MOVERS,FLYERS}",1
unfortunately,adj,不幸地,{KET},1
unhappy,n,不快樂的,"{KET,FLYERS}",1
uniform,n,制服,"{KET,FLYERS}",5
university,n,大學,"{KET,FLYERS}",5
until,prep,直到,"{KET,FLYERS}",1
unusual,adj,不尋常的,"{KET,FLYERS}",1
up,prep,向上,"{KET,MOVERS,FLYERS}",1
upload,v,上傳,{KET},1
upset,adj,難過的、不安的,{KET},1
upstairs,adv,樓上,"{KET,MOVERS,FLYERS}",2
us,pron,我們（受格）,"{KET,STARTERS,MOVERS,FLYERS}",1
use,v,使用,"{KET,FLYERS}",1
useful,adj,有用的,{KET},1
usual,adj,平常的,{KET},1
usually,adv,通常,"{KET,FLYERS}",1
v,prep,對……（比賽用語）,{KET},1
versus,prep,對……（比賽用語）,{KET},1
variety,n,多樣性,{KET},1
various,adj,各種的,{KET},1
vegetable,n,蔬菜,"{KET,MOVERS,FLYERS}",5
very,adv,非常,"{KET,STARTERS,MOVERS,FLYERS}",1
video,n,影片,"{KET,MOVERS,FLYERS}",3
video game,n,電玩遊戲,{KET},3
view,n,景色、看法,"{KET,FLYERS}",2
village,n,村莊,"{KET,MOVERS,FLYERS}",4
violin,n,小提琴,"{KET,FLYERS}",5
visit,v,拜訪、參觀,"{KET,FLYERS}",1
visitor,n,訪客,{KET},4
vocabulary,n,字彙,{KET},1
volleyball,n,排球,"{KET,FLYERS}",4
wait,v,等待,"{KET,MOVERS,FLYERS}",1
waiter,n,服務生（男）,"{KET,FLYERS}",4
waitress,n,服務生（女）,{KET},4
wake,v,醒來,"{KET,MOVERS,FLYERS}",1
wake up,phr v,醒來、叫醒,{KET},1
walk,v,走路、散步,"{KET,STARTERS,MOVERS,FLYERS}",2
walking,n,走路、健行,{KET},2
wall,n,牆,"{KET,STARTERS,MOVERS,FLYERS}",5
wallet,n,皮夾,{KET},5
want,v,想要,"{KET,STARTERS,MOVERS,FLYERS}",1
wardrobe,n,衣櫃,{KET},5
warm,adj,溫暖的,"{KET,FLYERS}",2
wash,v,洗,"{KET,MOVERS,FLYERS}",2
washing machine,n,洗衣機,{KET},5
washing-up,n,洗碗,{KET},2
wash up,phr v,洗碗,{KET},1
watch,n,手錶,"{KET,STARTERS,MOVERS,FLYERS}",5
water,n,水,"{KET,STARTERS,MOVERS,FLYERS}",5
way,n,方式；路,"{KET,FLYERS}",2
we,pron,我們,"{KET,STARTERS,MOVERS,FLYERS}",1
wear,v,穿、戴,"{KET,STARTERS,MOVERS,FLYERS}",1
weather,n,天氣,"{KET,MOVERS,FLYERS}",2
web,n,網路,{KET},2
web page,n,網頁,{KET},3
website,n,網站,"{KET,MOVERS,FLYERS}",3
Wednesday,n,星期三,"{KET,MOVERS,FLYERS}",2
week,n,星期、週,"{KET,MOVERS,FLYERS}",2
weekday,n,平日,{KET},2
weekend,n,週末,"{KET,MOVERS,FLYERS}",2
weekly,adj,每週的,{KET},1
welcome,adj,受歡迎的；歡迎,{KET},1
well,adv,好、很好地,"{KET,STARTERS,MOVERS,FLYERS}",1
well known,adj,有名的,{KET},1
west,n,西方,"{KET,FLYERS}",2
wet,adj,濕的,"{KET,MOVERS,FLYERS}",2
whale,n,鯨魚,"{KET,MOVERS,FLYERS}",5
what,det,什麼,"{KET,STARTERS,MOVERS,FLYERS}",1
wheel,n,輪子,"{KET,FLYERS}",5
when,adv,什麼時候,"{KET,MOVERS,FLYERS}",1
where,adv,哪裡,"{KET,STARTERS,MOVERS,FLYERS}",1
which,det,哪一個,"{KET,STARTERS,MOVERS,FLYERS}",1
while,conj,當……的時候,"{KET,FLYERS}",1
white,adj,白色的,"{KET,STARTERS,MOVERS,FLYERS}",3
who,pron,誰,"{KET,STARTERS,MOVERS,FLYERS}",1
whole,n,整個,{KET},1
whose,det,誰的,"{KET,STARTERS,MOVERS,FLYERS}",1
why,adv,為什麼,"{KET,MOVERS,FLYERS}",1
wide,adj,寬的,{KET},2
wife,n,妻子,"{KET,FLYERS}",4
wifi,n,無線網路,"{KET,FLYERS}",2
wild,adj,野生的,"{KET,FLYERS}",2
wildlife,n,野生動物,{KET},3
will,mv,將會,"{KET,FLYERS}",1
win,v,贏,"{KET,FLYERS}",1
wind,n,風,"{KET,MOVERS,FLYERS}",4
window,n,窗戶,"{KET,STARTERS,MOVERS,FLYERS}",5
windsurfing,n,風浪板,{KET},2
windy,adj,有風的,"{KET,MOVERS,FLYERS}",2
wing,n,翅膀,"{KET,FLYERS}",5
winner,n,得獎者、優勝者,"{KET,FLYERS}",4
winter,n,冬天,"{KET,FLYERS}",3
wish,n,祝福、願望,"{KET,FLYERS}",1
with,prep,與……一起,"{KET,STARTERS,MOVERS,FLYERS}",1
without,prep,沒有,"{KET,FLYERS}",1
woman,n,女人,{KET},5
wonderful,adj,很棒的,"{KET,FLYERS}",1
wood,n,木頭,"{KET,FLYERS}",4
wooden,adj,木製的,{KET},2
wool,n,羊毛,"{KET,FLYERS}",4
word,n,字、單字,"{KET,STARTERS,MOVERS,FLYERS}",2
work,n,工作,"{KET,MOVERS,FLYERS}",2
work out,phr v,運動、健身,{KET},1
worker,n,工人,{KET},4
working hours,n,工作時間,{KET},2
world,n,世界,"{KET,MOVERS,FLYERS}",3
worried,adj,擔心的,"{KET,FLYERS}",1
worry,v,擔心,{KET},1
worse,adj,更糟的,"{KET,MOVERS,FLYERS}",1
worst,adj,最糟的,"{KET,MOVERS,FLYERS}",1
would,mv,會（過去式）,"{KET,MOVERS,FLYERS}",1
wow,exclam,哇,"{KET,STARTERS,MOVERS,FLYERS}",1
write,v,寫,"{KET,STARTERS,MOVERS,FLYERS}",1
write down,phr v,寫下來,{KET},1
writer,n,作家,{KET},4
writing,n,寫作,{KET},1
wrong,adj,錯的,"{KET,MOVERS,FLYERS}",1
Yeah,exclam,對啊,{KET},1
year,n,年,"{KET,STARTERS,MOVERS,FLYERS}",2
yellow,adj,黃色的,"{KET,STARTERS,MOVERS,FLYERS}",3
yes,adv,是的,"{KET,STARTERS,MOVERS,FLYERS}",1
yesterday,adv,昨天,"{KET,MOVERS,FLYERS}",1
yet,adv,還（沒）,"{KET,FLYERS}",1
yogurt,n,優格,{KET},5
yoghurt,n,優格,"{KET,FLYERS}",5
you,pron,你,"{KET,STARTERS,MOVERS,FLYERS}",1
young,adj,年輕的,"{KET,STARTERS,MOVERS,FLYERS}",1
your,det,你的,"{KET,STARTERS,MOVERS,FLYERS}",1
yours,pron,你的（東西）,"{KET,STARTERS,MOVERS,FLYERS}",1
yourself,pron,你自己,{KET},1
zebra,n,斑馬,"{KET,STARTERS,MOVERS,FLYERS}",5
zero,n,零,"{KET,FLYERS}",2
zoo,n,動物園,"{KET,STARTERS,MOVERS,FLYERS}",5
